suite,query_name,disable_zonemap,disable_sketch,mode,run,total_time_s,row_groups_pruned_by_zonemap,segments_pruned_by_zonemap,segments_pruned_by_sketch,vectors_processed
layout_selectivity,random_0_1_pct,false,false,full,1,0.0362,0,0,0,4883
layout_selectivity,random_1_pct,false,false,full,1,0.0317,0,0,0,4883
layout_selectivity,random_5_pct,false,false,full,1,0.0351,0,0,0,4883
layout_selectivity,random_10_pct,false,false,full,1,0.0273,0,0,0,4883
layout_selectivity,random_20_pct,false,false,full,1,0.0375,0,0,0,4883
layout_selectivity,random_50_pct,false,false,full,1,0.0474,0,0,0,4883
layout_selectivity,random_90_pct,false,false,full,1,0.0365,0,0,0,4883
layout_selectivity,sorted_0_1_pct,false,false,full,1,0.0166,81,0,0,60
layout_selectivity,sorted_1_pct,false,false,full,1,0.0140,81,0,0,60
layout_selectivity,sorted_5_pct,false,false,full,1,0.0156,77,0,0,300
layout_selectivity,sorted_10_pct,false,false,full,1,0.0163,73,0,0,540
layout_selectivity,sorted_20_pct,false,false,full,1,0.0208,65,0,0,1020
layout_selectivity,sorted_50_pct,false,false,full,1,0.0177,41,0,0,2460
layout_selectivity,sorted_90_pct,false,false,full,1,0.0286,8,0,0,4440
layout_selectivity,block_0_1_pct,false,false,full,1,0.0175,81,0,0,60
layout_selectivity,block_1_pct,false,false,full,1,0.0161,81,0,0,60
layout_selectivity,block_5_pct,false,false,full,1,0.0140,77,0,0,300
layout_selectivity,block_10_pct,false,false,full,1,0.0161,73,0,0,540
layout_selectivity,block_20_pct,false,false,full,1,0.0171,65,0,0,1020
layout_selectivity,block_50_pct,false,false,full,1,0.0245,41,0,0,2460
layout_selectivity,block_90_pct,false,false,full,1,0.0236,8,0,0,4440
layout_selectivity,random_0_1_pct,false,false,full,2,0.0315,0,0,0,4883
layout_selectivity,random_1_pct,false,false,full,2,0.0363,0,0,0,4883
layout_selectivity,random_5_pct,false,false,full,2,0.0322,0,0,0,4883
layout_selectivity,random_10_pct,false,false,full,2,0.0330,0,0,0,4883
layout_selectivity,random_20_pct,false,false,full,2,0.0330,0,0,0,4883
layout_selectivity,random_50_pct,false,false,full,2,0.0350,0,0,0,4883
layout_selectivity,random_90_pct,false,false,full,2,0.0423,0,0,0,4883
layout_selectivity,sorted_0_1_pct,false,false,full,2,0.0141,81,0,0,60
layout_selectivity,sorted_1_pct,false,false,full,2,0.0168,81,0,0,60
layout_selectivity,sorted_5_pct,false,false,full,2,0.0228,77,0,0,300
layout_selectivity,sorted_10_pct,false,false,full,2,0.0153,73,0,0,540
layout_selectivity,sorted_20_pct,false,false,full,2,0.0197,65,0,0,1020
layout_selectivity,sorted_50_pct,false,false,full,2,0.0186,41,0,0,2460
layout_selectivity,sorted_90_pct,false,false,full,2,0.0301,8,0,0,4440
layout_selectivity,block_0_1_pct,false,false,full,2,0.0170,81,0,0,60
layout_selectivity,block_1_pct,false,false,full,2,0.0124,81,0,0,60
layout_selectivity,block_5_pct,false,false,full,2,0.0176,77,0,0,300
layout_selectivity,block_10_pct,false,false,full,2,0.0181,73,0,0,540
layout_selectivity,block_20_pct,false,false,full,2,0.0203,65,0,0,1020
layout_selectivity,block_50_pct,false,false,full,2,0.0232,41,0,0,2460
layout_selectivity,block_90_pct,false,false,full,2,0.0248,8,0,0,4440
layout_selectivity,random_0_1_pct,false,false,full,3,0.0326,0,0,0,4883
layout_selectivity,random_1_pct,false,false,full,3,0.0305,0,0,0,4883
layout_selectivity,random_5_pct,false,false,full,3,0.0304,0,0,0,4883
layout_selectivity,random_10_pct,false,false,full,3,0.0300,0,0,0,4883
layout_selectivity,random_20_pct,false,false,full,3,0.0416,0,0,0,4883
layout_selectivity,random_50_pct,false,false,full,3,0.0360,0,0,0,4883
layout_selectivity,random_90_pct,false,false,full,3,0.0315,0,0,0,4883
layout_selectivity,sorted_0_1_pct,false,false,full,3,0.0157,81,0,0,60
layout_selectivity,sorted_1_pct,false,false,full,3,0.0176,81,0,0,60
layout_selectivity,sorted_5_pct,false,false,full,3,0.0172,77,0,0,300
layout_selectivity,sorted_10_pct,false,false,full,3,0.0166,73,0,0,540
layout_selectivity,sorted_20_pct,false,false,full,3,0.0198,65,0,0,1020
layout_selectivity,sorted_50_pct,false,false,full,3,0.0225,41,0,0,2460
layout_selectivity,sorted_90_pct,false,false,full,3,0.0259,8,0,0,4440
layout_selectivity,block_0_1_pct,false,false,full,3,0.0154,81,0,0,60
layout_selectivity,block_1_pct,false,false,full,3,0.0173,81,0,0,60
layout_selectivity,block_5_pct,false,false,full,3,0.0129,77,0,0,300
layout_selectivity,block_10_pct,false,false,full,3,0.0164,73,0,0,540
layout_selectivity,block_20_pct,false,false,full,3,0.0154,65,0,0,1020
layout_selectivity,block_50_pct,false,false,full,3,0.0198,41,0,0,2460
layout_selectivity,block_90_pct,false,false,full,3,0.0289,8,0,0,4440
layout_selectivity,random_0_1_pct,false,false,full,4,0.0366,0,0,0,4883
layout_selectivity,random_1_pct,false,false,full,4,0.0316,0,0,0,4883
layout_selectivity,random_5_pct,false,false,full,4,0.0369,0,0,0,4883
layout_selectivity,random_10_pct,false,false,full,4,0.0348,0,0,0,4883
layout_selectivity,random_20_pct,false,false,full,4,0.0317,0,0,0,4883
layout_selectivity,random_50_pct,false,false,full,4,0.0431,0,0,0,4883
layout_selectivity,random_90_pct,false,false,full,4,0.0347,0,0,0,4883
layout_selectivity,sorted_0_1_pct,false,false,full,4,0.0148,81,0,0,60
layout_selectivity,sorted_1_pct,false,false,full,4,0.0130,81,0,0,60
layout_selectivity,sorted_5_pct,false,false,full,4,0.0101,77,0,0,300
layout_selectivity,sorted_10_pct,false,false,full,4,0.0140,73,0,0,540
layout_selectivity,sorted_20_pct,false,false,full,4,0.0153,65,0,0,1020
layout_selectivity,sorted_50_pct,false,false,full,4,0.0211,41,0,0,2460
layout_selectivity,sorted_90_pct,false,false,full,4,0.0274,8,0,0,4440
layout_selectivity,block_0_1_pct,false,false,full,4,0.0159,81,0,0,60
layout_selectivity,block_1_pct,false,false,full,4,0.0127,81,0,0,60
layout_selectivity,block_5_pct,false,false,full,4,0.0127,77,0,0,300
layout_selectivity,block_10_pct,false,false,full,4,0.0130,73,0,0,540
layout_selectivity,block_20_pct,false,false,full,4,0.0151,65,0,0,1020
layout_selectivity,block_50_pct,false,false,full,4,0.0171,41,0,0,2460
layout_selectivity,block_90_pct,false,false,full,4,0.0252,8,0,0,4440
layout_selectivity,random_0_1_pct,false,false,full,5,0.0338,0,0,0,4883
layout_selectivity,random_1_pct,false,false,full,5,0.0334,0,0,0,4883
layout_selectivity,random_5_pct,false,false,full,5,0.0383,0,0,0,4883
layout_selectivity,random_10_pct,false,false,full,5,0.0335,0,0,0,4883
layout_selectivity,random_20_pct,false,false,full,5,0.0309,0,0,0,4883
layout_selectivity,random_50_pct,false,false,full,5,0.0300,0,0,0,4883
layout_selectivity,random_90_pct,false,false,full,5,0.0298,0,0,0,4883
layout_selectivity,sorted_0_1_pct,false,false,full,5,0.0131,81,0,0,60
layout_selectivity,sorted_1_pct,false,false,full,5,0.0158,81,0,0,60
layout_selectivity,sorted_5_pct,false,false,full,5,0.0153,77,0,0,300
layout_selectivity,sorted_10_pct,false,false,full,5,0.0166,73,0,0,540
layout_selectivity,sorted_20_pct,false,false,full,5,0.0194,65,0,0,1020
layout_selectivity,sorted_50_pct,false,false,full,5,0.0231,41,0,0,2460
layout_selectivity,sorted_90_pct,false,false,full,5,0.0320,8,0,0,4440
layout_selectivity,block_0_1_pct,false,false,full,5,0.0159,81,0,0,60
layout_selectivity,block_1_pct,false,false,full,5,0.0147,81,0,0,60
layout_selectivity,block_5_pct,false,false,full,5,0.0159,77,0,0,300
layout_selectivity,block_10_pct,false,false,full,5,0.0160,73,0,0,540
layout_selectivity,block_20_pct,false,false,full,5,0.0210,65,0,0,1020
layout_selectivity,block_50_pct,false,false,full,5,0.0187,41,0,0,2460
layout_selectivity,block_90_pct,false,false,full,5,0.0232,8,0,0,4440
layout_selectivity,random_0_1_pct,false,false,full,6,0.0339,0,0,0,4883
layout_selectivity,random_1_pct,false,false,full,6,0.0348,0,0,0,4883
layout_selectivity,random_5_pct,false,false,full,6,0.0297,0,0,0,4883
layout_selectivity,random_10_pct,false,false,full,6,0.0375,0,0,0,4883
layout_selectivity,random_20_pct,false,false,full,6,0.0370,0,0,0,4883
layout_selectivity,random_50_pct,false,false,full,6,0.0315,0,0,0,4883
layout_selectivity,random_90_pct,false,false,full,6,0.0302,0,0,0,4883
layout_selectivity,sorted_0_1_pct,false,false,full,6,0.0167,81,0,0,60
layout_selectivity,sorted_1_pct,false,false,full,6,0.0157,81,0,0,60
layout_selectivity,sorted_5_pct,false,false,full,6,0.0181,77,0,0,300
layout_selectivity,sorted_10_pct,false,false,full,6,0.0175,73,0,0,540
layout_selectivity,sorted_20_pct,false,false,full,6,0.0184,65,0,0,1020
layout_selectivity,sorted_50_pct,false,false,full,6,0.0228,41,0,0,2460
layout_selectivity,sorted_90_pct,false,false,full,6,0.0295,8,0,0,4440
layout_selectivity,block_0_1_pct,false,false,full,6,0.0167,81,0,0,60
layout_selectivity,block_1_pct,false,false,full,6,0.0119,81,0,0,60
layout_selectivity,block_5_pct,false,false,full,6,0.0116,77,0,0,300
layout_selectivity,block_10_pct,false,false,full,6,0.0129,73,0,0,540
layout_selectivity,block_20_pct,false,false,full,6,0.0201,65,0,0,1020
layout_selectivity,block_50_pct,false,false,full,6,0.0228,41,0,0,2460
layout_selectivity,block_90_pct,false,false,full,6,0.0255,8,0,0,4440
layout_selectivity,random_0_1_pct,false,false,full,7,0.0329,0,0,0,4883
layout_selectivity,random_1_pct,false,false,full,7,0.0304,0,0,0,4883
layout_selectivity,random_5_pct,false,false,full,7,0.0386,0,0,0,4883
layout_selectivity,random_10_pct,false,false,full,7,0.0358,0,0,0,4883
layout_selectivity,random_20_pct,false,false,full,7,0.0404,0,0,0,4883
layout_selectivity,random_50_pct,false,false,full,7,0.0262,0,0,0,4883
layout_selectivity,random_90_pct,false,false,full,7,0.0359,0,0,0,4883
layout_selectivity,sorted_0_1_pct,false,false,full,7,0.0128,81,0,0,60
layout_selectivity,sorted_1_pct,false,false,full,7,0.0178,81,0,0,60
layout_selectivity,sorted_5_pct,false,false,full,7,0.0170,77,0,0,300
layout_selectivity,sorted_10_pct,false,false,full,7,0.0127,73,0,0,540
layout_selectivity,sorted_20_pct,false,false,full,7,0.0191,65,0,0,1020
layout_selectivity,sorted_50_pct,false,false,full,7,0.0229,41,0,0,2460
layout_selectivity,sorted_90_pct,false,false,full,7,0.0237,8,0,0,4440
layout_selectivity,block_0_1_pct,false,false,full,7,0.0146,81,0,0,60
layout_selectivity,block_1_pct,false,false,full,7,0.0155,81,0,0,60
layout_selectivity,block_5_pct,false,false,full,7,0.0140,77,0,0,300
layout_selectivity,block_10_pct,false,false,full,7,0.0188,73,0,0,540
layout_selectivity,block_20_pct,false,false,full,7,0.0182,65,0,0,1020
layout_selectivity,block_50_pct,false,false,full,7,0.0210,41,0,0,2460
layout_selectivity,block_90_pct,false,false,full,7,0.0295,8,0,0,4440
layout_selectivity,random_0_1_pct,false,false,full,8,0.0315,0,0,0,4883
layout_selectivity,random_1_pct,false,false,full,8,0.0305,0,0,0,4883
layout_selectivity,random_5_pct,false,false,full,8,0.0311,0,0,0,4883
layout_selectivity,random_10_pct,false,false,full,8,0.0375,0,0,0,4883
layout_selectivity,random_20_pct,false,false,full,8,0.0321,0,0,0,4883
layout_selectivity,random_50_pct,false,false,full,8,0.0359,0,0,0,4883
layout_selectivity,random_90_pct,false,false,full,8,0.0287,0,0,0,4883
layout_selectivity,sorted_0_1_pct,false,false,full,8,0.0143,81,0,0,60
layout_selectivity,sorted_1_pct,false,false,full,8,0.0173,81,0,0,60
layout_selectivity,sorted_5_pct,false,false,full,8,0.0181,77,0,0,300
layout_selectivity,sorted_10_pct,false,false,full,8,0.0121,73,0,0,540
layout_selectivity,sorted_20_pct,false,false,full,8,0.0162,65,0,0,1020
layout_selectivity,sorted_50_pct,false,false,full,8,0.0189,41,0,0,2460
layout_selectivity,sorted_90_pct,false,false,full,8,0.0307,8,0,0,4440
layout_selectivity,block_0_1_pct,false,false,full,8,0.0170,81,0,0,60
layout_selectivity,block_1_pct,false,false,full,8,0.0171,81,0,0,60
layout_selectivity,block_5_pct,false,false,full,8,0.0151,77,0,0,300
layout_selectivity,block_10_pct,false,false,full,8,0.0134,73,0,0,540
layout_selectivity,block_20_pct,false,false,full,8,0.0200,65,0,0,1020
layout_selectivity,block_50_pct,false,false,full,8,0.0199,41,0,0,2460
layout_selectivity,block_90_pct,false,false,full,8,0.0249,8,0,0,4440
layout_selectivity,random_0_1_pct,false,false,full,9,0.0274,0,0,0,4883
layout_selectivity,random_1_pct,false,false,full,9,0.0288,0,0,0,4883
layout_selectivity,random_5_pct,false,false,full,9,0.0363,0,0,0,4883
layout_selectivity,random_10_pct,false,false,full,9,0.0324,0,0,0,4883
layout_selectivity,random_20_pct,false,false,full,9,0.0372,0,0,0,4883
layout_selectivity,random_50_pct,false,false,full,9,0.0351,0,0,0,4883
layout_selectivity,random_90_pct,false,false,full,9,0.0307,0,0,0,4883
layout_selectivity,sorted_0_1_pct,false,false,full,9,0.0171,81,0,0,60
layout_selectivity,sorted_1_pct,false,false,full,9,0.0160,81,0,0,60
layout_selectivity,sorted_5_pct,false,false,full,9,0.0167,77,0,0,300
layout_selectivity,sorted_10_pct,false,false,full,9,0.0178,73,0,0,540
layout_selectivity,sorted_20_pct,false,false,full,9,0.0147,65,0,0,1020
layout_selectivity,sorted_50_pct,false,false,full,9,0.0198,41,0,0,2460
layout_selectivity,sorted_90_pct,false,false,full,9,0.0271,8,0,0,4440
layout_selectivity,block_0_1_pct,false,false,full,9,0.0156,81,0,0,60
layout_selectivity,block_1_pct,false,false,full,9,0.0156,81,0,0,60
layout_selectivity,block_5_pct,false,false,full,9,0.0168,77,0,0,300
layout_selectivity,block_10_pct,false,false,full,9,0.0190,73,0,0,540
layout_selectivity,block_20_pct,false,false,full,9,0.0183,65,0,0,1020
layout_selectivity,block_50_pct,false,false,full,9,0.0261,41,0,0,2460
layout_selectivity,block_90_pct,false,false,full,9,0.0332,8,0,0,4440
layout_selectivity,random_0_1_pct,false,false,full,10,0.0380,0,0,0,4883
layout_selectivity,random_1_pct,false,false,full,10,0.0297,0,0,0,4883
layout_selectivity,random_5_pct,false,false,full,10,0.0267,0,0,0,4883
layout_selectivity,random_10_pct,false,false,full,10,0.0322,0,0,0,4883
layout_selectivity,random_20_pct,false,false,full,10,0.0357,0,0,0,4883
layout_selectivity,random_50_pct,false,false,full,10,0.0355,0,0,0,4883
layout_selectivity,random_90_pct,false,false,full,10,0.0336,0,0,0,4883
layout_selectivity,sorted_0_1_pct,false,false,full,10,0.0146,81,0,0,60
layout_selectivity,sorted_1_pct,false,false,full,10,0.0148,81,0,0,60
layout_selectivity,sorted_5_pct,false,false,full,10,0.0156,77,0,0,300
layout_selectivity,sorted_10_pct,false,false,full,10,0.0143,73,0,0,540
layout_selectivity,sorted_20_pct,false,false,full,10,0.0144,65,0,0,1020
layout_selectivity,sorted_50_pct,false,false,full,10,0.0214,41,0,0,2460
layout_selectivity,sorted_90_pct,false,false,full,10,0.0282,8,0,0,4440
layout_selectivity,block_0_1_pct,false,false,full,10,0.0117,81,0,0,60
layout_selectivity,block_1_pct,false,false,full,10,0.0154,81,0,0,60
layout_selectivity,block_5_pct,false,false,full,10,0.0116,77,0,0,300
layout_selectivity,block_10_pct,false,false,full,10,0.0153,73,0,0,540
layout_selectivity,block_20_pct,false,false,full,10,0.0204,65,0,0,1020
layout_selectivity,block_50_pct,false,false,full,10,0.0235,41,0,0,2460
layout_selectivity,block_90_pct,false,false,full,10,0.0281,8,0,0,4440
layout_selectivity,random_0_1_pct,false,true,zonemap_only,1,0.0345,0,0,0,4883
layout_selectivity,random_1_pct,false,true,zonemap_only,1,0.0320,0,0,0,4883
layout_selectivity,random_5_pct,false,true,zonemap_only,1,0.0327,0,0,0,4883
layout_selectivity,random_10_pct,false,true,zonemap_only,1,0.0328,0,0,0,4883
layout_selectivity,random_20_pct,false,true,zonemap_only,1,0.0338,0,0,0,4883
layout_selectivity,random_50_pct,false,true,zonemap_only,1,0.0432,0,0,0,4883
layout_selectivity,random_90_pct,false,true,zonemap_only,1,0.0310,0,0,0,4883
layout_selectivity,sorted_0_1_pct,false,true,zonemap_only,1,0.0145,81,0,0,60
layout_selectivity,sorted_1_pct,false,true,zonemap_only,1,0.0157,81,0,0,60
layout_selectivity,sorted_5_pct,false,true,zonemap_only,1,0.0167,77,0,0,300
layout_selectivity,sorted_10_pct,false,true,zonemap_only,1,0.0168,73,0,0,540
layout_selectivity,sorted_20_pct,false,true,zonemap_only,1,0.0189,65,0,0,1020
layout_selectivity,sorted_50_pct,false,true,zonemap_only,1,0.0227,41,0,0,2460
layout_selectivity,sorted_90_pct,false,true,zonemap_only,1,0.0284,8,0,0,4440
layout_selectivity,block_0_1_pct,false,true,zonemap_only,1,0.0165,81,0,0,60
layout_selectivity,block_1_pct,false,true,zonemap_only,1,0.0155,81,0,0,60
layout_selectivity,block_5_pct,false,true,zonemap_only,1,0.0136,77,0,0,300
layout_selectivity,block_10_pct,false,true,zonemap_only,1,0.0144,73,0,0,540
layout_selectivity,block_20_pct,false,true,zonemap_only,1,0.0181,65,0,0,1020
layout_selectivity,block_50_pct,false,true,zonemap_only,1,0.0224,41,0,0,2460
layout_selectivity,block_90_pct,false,true,zonemap_only,1,0.0291,8,0,0,4440
layout_selectivity,random_0_1_pct,false,true,zonemap_only,2,0.0302,0,0,0,4883
layout_selectivity,random_1_pct,false,true,zonemap_only,2,0.0313,0,0,0,4883
layout_selectivity,random_5_pct,false,true,zonemap_only,2,0.0292,0,0,0,4883
layout_selectivity,random_10_pct,false,true,zonemap_only,2,0.0297,0,0,0,4883
layout_selectivity,random_20_pct,false,true,zonemap_only,2,0.0395,0,0,0,4883
layout_selectivity,random_50_pct,false,true,zonemap_only,2,0.0389,0,0,0,4883
layout_selectivity,random_90_pct,false,true,zonemap_only,2,0.0334,0,0,0,4883
layout_selectivity,sorted_0_1_pct,false,true,zonemap_only,2,0.0157,81,0,0,60
layout_selectivity,sorted_1_pct,false,true,zonemap_only,2,0.0162,81,0,0,60
layout_selectivity,sorted_5_pct,false,true,zonemap_only,2,0.0153,77,0,0,300
layout_selectivity,sorted_10_pct,false,true,zonemap_only,2,0.0160,73,0,0,540
layout_selectivity,sorted_20_pct,false,true,zonemap_only,2,0.0182,65,0,0,1020
layout_selectivity,sorted_50_pct,false,true,zonemap_only,2,0.0265,41,0,0,2460
layout_selectivity,sorted_90_pct,false,true,zonemap_only,2,0.0288,8,0,0,4440
layout_selectivity,block_0_1_pct,false,true,zonemap_only,2,0.0123,81,0,0,60
layout_selectivity,block_1_pct,false,true,zonemap_only,2,0.0168,81,0,0,60
layout_selectivity,block_5_pct,false,true,zonemap_only,2,0.0132,77,0,0,300
layout_selectivity,block_10_pct,false,true,zonemap_only,2,0.0150,73,0,0,540
layout_selectivity,block_20_pct,false,true,zonemap_only,2,0.0181,65,0,0,1020
layout_selectivity,block_50_pct,false,true,zonemap_only,2,0.0205,41,0,0,2460
layout_selectivity,block_90_pct,false,true,zonemap_only,2,0.0283,8,0,0,4440
layout_selectivity,random_0_1_pct,false,true,zonemap_only,3,0.0341,0,0,0,4883
layout_selectivity,random_1_pct,false,true,zonemap_only,3,0.0303,0,0,0,4883
layout_selectivity,random_5_pct,false,true,zonemap_only,3,0.0319,0,0,0,4883
layout_selectivity,random_10_pct,false,true,zonemap_only,3,0.0310,0,0,0,4883
layout_selectivity,random_20_pct,false,true,zonemap_only,3,0.0363,0,0,0,4883
layout_selectivity,random_50_pct,false,true,zonemap_only,3,0.0421,0,0,0,4883
layout_selectivity,random_90_pct,false,true,zonemap_only,3,0.0322,0,0,0,4883
layout_selectivity,sorted_0_1_pct,false,true,zonemap_only,3,0.0133,81,0,0,60
layout_selectivity,sorted_1_pct,false,true,zonemap_only,3,0.0149,81,0,0,60
layout_selectivity,sorted_5_pct,false,true,zonemap_only,3,0.0151,77,0,0,300
layout_selectivity,sorted_10_pct,false,true,zonemap_only,3,0.0157,73,0,0,540
layout_selectivity,sorted_20_pct,false,true,zonemap_only,3,0.0166,65,0,0,1020
layout_selectivity,sorted_50_pct,false,true,zonemap_only,3,0.0227,41,0,0,2460
layout_selectivity,sorted_90_pct,false,true,zonemap_only,3,0.0264,8,0,0,4440
layout_selectivity,block_0_1_pct,false,true,zonemap_only,3,0.0167,81,0,0,60
layout_selectivity,block_1_pct,false,true,zonemap_only,3,0.0169,81,0,0,60
layout_selectivity,block_5_pct,false,true,zonemap_only,3,0.0165,77,0,0,300
layout_selectivity,block_10_pct,false,true,zonemap_only,3,0.0153,73,0,0,540
layout_selectivity,block_20_pct,false,true,zonemap_only,3,0.0241,65,0,0,1020
layout_selectivity,block_50_pct,false,true,zonemap_only,3,0.0224,41,0,0,2460
layout_selectivity,block_90_pct,false,true,zonemap_only,3,0.0276,8,0,0,4440
layout_selectivity,random_0_1_pct,false,true,zonemap_only,4,0.0284,0,0,0,4883
layout_selectivity,random_1_pct,false,true,zonemap_only,4,0.0315,0,0,0,4883
layout_selectivity,random_5_pct,false,true,zonemap_only,4,0.0295,0,0,0,4883
layout_selectivity,random_10_pct,false,true,zonemap_only,4,0.0371,0,0,0,4883
layout_selectivity,random_20_pct,false,true,zonemap_only,4,0.0390,0,0,0,4883
layout_selectivity,random_50_pct,false,true,zonemap_only,4,0.0400,0,0,0,4883
layout_selectivity,random_90_pct,false,true,zonemap_only,4,0.0295,0,0,0,4883
layout_selectivity,sorted_0_1_pct,false,true,zonemap_only,4,0.0147,81,0,0,60
layout_selectivity,sorted_1_pct,false,true,zonemap_only,4,0.0122,81,0,0,60
layout_selectivity,sorted_5_pct,false,true,zonemap_only,4,0.0158,77,0,0,300
layout_selectivity,sorted_10_pct,false,true,zonemap_only,4,0.0172,73,0,0,540
layout_selectivity,sorted_20_pct,false,true,zonemap_only,4,0.0198,65,0,0,1020
layout_selectivity,sorted_50_pct,false,true,zonemap_only,4,0.0244,41,0,0,2460
layout_selectivity,sorted_90_pct,false,true,zonemap_only,4,0.0297,8,0,0,4440
layout_selectivity,block_0_1_pct,false,true,zonemap_only,4,0.0150,81,0,0,60
layout_selectivity,block_1_pct,false,true,zonemap_only,4,0.0160,81,0,0,60
layout_selectivity,block_5_pct,false,true,zonemap_only,4,0.0177,77,0,0,300
layout_selectivity,block_10_pct,false,true,zonemap_only,4,0.0158,73,0,0,540
layout_selectivity,block_20_pct,false,true,zonemap_only,4,0.0201,65,0,0,1020
layout_selectivity,block_50_pct,false,true,zonemap_only,4,0.0227,41,0,0,2460
layout_selectivity,block_90_pct,false,true,zonemap_only,4,0.0237,8,0,0,4440
layout_selectivity,random_0_1_pct,false,true,zonemap_only,5,0.0348,0,0,0,4883
layout_selectivity,random_1_pct,false,true,zonemap_only,5,0.0316,0,0,0,4883
layout_selectivity,random_5_pct,false,true,zonemap_only,5,0.0328,0,0,0,4883
layout_selectivity,random_10_pct,false,true,zonemap_only,5,0.0283,0,0,0,4883
layout_selectivity,random_20_pct,false,true,zonemap_only,5,0.0353,0,0,0,4883
layout_selectivity,random_50_pct,false,true,zonemap_only,5,0.0427,0,0,0,4883
layout_selectivity,random_90_pct,false,true,zonemap_only,5,0.0318,0,0,0,4883
layout_selectivity,sorted_0_1_pct,false,true,zonemap_only,5,0.0181,81,0,0,60
layout_selectivity,sorted_1_pct,false,true,zonemap_only,5,0.0168,81,0,0,60
layout_selectivity,sorted_5_pct,false,true,zonemap_only,5,0.0131,77,0,0,300
layout_selectivity,sorted_10_pct,false,true,zonemap_only,5,0.0141,73,0,0,540
layout_selectivity,sorted_20_pct,false,true,zonemap_only,5,0.0185,65,0,0,1020
layout_selectivity,sorted_50_pct,false,true,zonemap_only,5,0.0185,41,0,0,2460
layout_selectivity,sorted_90_pct,false,true,zonemap_only,5,0.0307,8,0,0,4440
layout_selectivity,block_0_1_pct,false,true,zonemap_only,5,0.0149,81,0,0,60
layout_selectivity,block_1_pct,false,true,zonemap_only,5,0.0164,81,0,0,60
layout_selectivity,block_5_pct,false,true,zonemap_only,5,0.0166,77,0,0,300
layout_selectivity,block_10_pct,false,true,zonemap_only,5,0.0167,73,0,0,540
layout_selectivity,block_20_pct,false,true,zonemap_only,5,0.0196,65,0,0,1020
layout_selectivity,block_50_pct,false,true,zonemap_only,5,0.0232,41,0,0,2460
layout_selectivity,block_90_pct,false,true,zonemap_only,5,0.0310,8,0,0,4440
layout_selectivity,random_0_1_pct,false,true,zonemap_only,6,0.0283,0,0,0,4883
layout_selectivity,random_1_pct,false,true,zonemap_only,6,0.0333,0,0,0,4883
layout_selectivity,random_5_pct,false,true,zonemap_only,6,0.0350,0,0,0,4883
layout_selectivity,random_10_pct,false,true,zonemap_only,6,0.0351,0,0,0,4883
layout_selectivity,random_20_pct,false,true,zonemap_only,6,0.0274,0,0,0,4883
layout_selectivity,random_50_pct,false,true,zonemap_only,6,0.0379,0,0,0,4883
layout_selectivity,random_90_pct,false,true,zonemap_only,6,0.0264,0,0,0,4883
layout_selectivity,sorted_0_1_pct,false,true,zonemap_only,6,0.0114,81,0,0,60
layout_selectivity,sorted_1_pct,false,true,zonemap_only,6,0.0169,81,0,0,60
layout_selectivity,sorted_5_pct,false,true,zonemap_only,6,0.0165,77,0,0,300
layout_selectivity,sorted_10_pct,false,true,zonemap_only,6,0.0156,73,0,0,540
layout_selectivity,sorted_20_pct,false,true,zonemap_only,6,0.0151,65,0,0,1020
layout_selectivity,sorted_50_pct,false,true,zonemap_only,6,0.0172,41,0,0,2460
layout_selectivity,sorted_90_pct,false,true,zonemap_only,6,0.0273,8,0,0,4440
layout_selectivity,block_0_1_pct,false,true,zonemap_only,6,0.0153,81,0,0,60
layout_selectivity,block_1_pct,false,true,zonemap_only,6,0.0166,81,0,0,60
layout_selectivity,block_5_pct,false,true,zonemap_only,6,0.0157,77,0,0,300
layout_selectivity,block_10_pct,false,true,zonemap_only,6,0.0145,73,0,0,540
layout_selectivity,block_20_pct,false,true,zonemap_only,6,0.0208,65,0,0,1020
layout_selectivity,block_50_pct,false,true,zonemap_only,6,0.0174,41,0,0,2460
layout_selectivity,block_90_pct,false,true,zonemap_only,6,0.0244,8,0,0,4440
layout_selectivity,random_0_1_pct,false,true,zonemap_only,7,0.0340,0,0,0,4883
layout_selectivity,random_1_pct,false,true,zonemap_only,7,0.0311,0,0,0,4883
layout_selectivity,random_5_pct,false,true,zonemap_only,7,0.0312,0,0,0,4883
layout_selectivity,random_10_pct,false,true,zonemap_only,7,0.0344,0,0,0,4883
layout_selectivity,random_20_pct,false,true,zonemap_only,7,0.0315,0,0,0,4883
layout_selectivity,random_50_pct,false,true,zonemap_only,7,0.0291,0,0,0,4883
layout_selectivity,random_90_pct,false,true,zonemap_only,7,0.0321,0,0,0,4883
layout_selectivity,sorted_0_1_pct,false,true,zonemap_only,7,0.0170,81,0,0,60
layout_selectivity,sorted_1_pct,false,true,zonemap_only,7,0.0174,81,0,0,60
layout_selectivity,sorted_5_pct,false,true,zonemap_only,7,0.0172,77,0,0,300
layout_selectivity,sorted_10_pct,false,true,zonemap_only,7,0.0166,73,0,0,540
layout_selectivity,sorted_20_pct,false,true,zonemap_only,7,0.0175,65,0,0,1020
layout_selectivity,sorted_50_pct,false,true,zonemap_only,7,0.0229,41,0,0,2460
layout_selectivity,sorted_90_pct,false,true,zonemap_only,7,0.0257,8,0,0,4440
layout_selectivity,block_0_1_pct,false,true,zonemap_only,7,0.0130,81,0,0,60
layout_selectivity,block_1_pct,false,true,zonemap_only,7,0.0147,81,0,0,60
layout_selectivity,block_5_pct,false,true,zonemap_only,7,0.0151,77,0,0,300
layout_selectivity,block_10_pct,false,true,zonemap_only,7,0.0149,73,0,0,540
layout_selectivity,block_20_pct,false,true,zonemap_only,7,0.0187,65,0,0,1020
layout_selectivity,block_50_pct,false,true,zonemap_only,7,0.0252,41,0,0,2460
layout_selectivity,block_90_pct,false,true,zonemap_only,7,0.0232,8,0,0,4440
layout_selectivity,random_0_1_pct,false,true,zonemap_only,8,0.0300,0,0,0,4883
layout_selectivity,random_1_pct,false,true,zonemap_only,8,0.0308,0,0,0,4883
layout_selectivity,random_5_pct,false,true,zonemap_only,8,0.0331,0,0,0,4883
layout_selectivity,random_10_pct,false,true,zonemap_only,8,0.0327,0,0,0,4883
layout_selectivity,random_20_pct,false,true,zonemap_only,8,0.0327,0,0,0,4883
layout_selectivity,random_50_pct,false,true,zonemap_only,8,0.0363,0,0,0,4883
layout_selectivity,random_90_pct,false,true,zonemap_only,8,0.0293,0,0,0,4883
layout_selectivity,sorted_0_1_pct,false,true,zonemap_only,8,0.0148,81,0,0,60
layout_selectivity,sorted_1_pct,false,true,zonemap_only,8,0.0144,81,0,0,60
layout_selectivity,sorted_5_pct,false,true,zonemap_only,8,0.0147,77,0,0,300
layout_selectivity,sorted_10_pct,false,true,zonemap_only,8,0.0138,73,0,0,540
layout_selectivity,sorted_20_pct,false,true,zonemap_only,8,0.0217,65,0,0,1020
layout_selectivity,sorted_50_pct,false,true,zonemap_only,8,0.0255,41,0,0,2460
layout_selectivity,sorted_90_pct,false,true,zonemap_only,8,0.0266,8,0,0,4440
layout_selectivity,block_0_1_pct,false,true,zonemap_only,8,0.0158,81,0,0,60
layout_selectivity,block_1_pct,false,true,zonemap_only,8,0.0177,81,0,0,60
layout_selectivity,block_5_pct,false,true,zonemap_only,8,0.0172,77,0,0,300
layout_selectivity,block_10_pct,false,true,zonemap_only,8,0.0152,73,0,0,540
layout_selectivity,block_20_pct,false,true,zonemap_only,8,0.0167,65,0,0,1020
layout_selectivity,block_50_pct,false,true,zonemap_only,8,0.0219,41,0,0,2460
layout_selectivity,block_90_pct,false,true,zonemap_only,8,0.0288,8,0,0,4440
layout_selectivity,random_0_1_pct,false,true,zonemap_only,9,0.0320,0,0,0,4883
layout_selectivity,random_1_pct,false,true,zonemap_only,9,0.0280,0,0,0,4883
layout_selectivity,random_5_pct,false,true,zonemap_only,9,0.0337,0,0,0,4883
layout_selectivity,random_10_pct,false,true,zonemap_only,9,0.0323,0,0,0,4883
layout_selectivity,random_20_pct,false,true,zonemap_only,9,0.0282,0,0,0,4883
layout_selectivity,random_50_pct,false,true,zonemap_only,9,0.0341,0,0,0,4883
layout_selectivity,random_90_pct,false,true,zonemap_only,9,0.0356,0,0,0,4883
layout_selectivity,sorted_0_1_pct,false,true,zonemap_only,9,0.0153,81,0,0,60
layout_selectivity,sorted_1_pct,false,true,zonemap_only,9,0.0154,81,0,0,60
layout_selectivity,sorted_5_pct,false,true,zonemap_only,9,0.0170,77,0,0,300
layout_selectivity,sorted_10_pct,false,true,zonemap_only,9,0.0125,73,0,0,540
layout_selectivity,sorted_20_pct,false,true,zonemap_only,9,0.0196,65,0,0,1020
layout_selectivity,sorted_50_pct,false,true,zonemap_only,9,0.0214,41,0,0,2460
layout_selectivity,sorted_90_pct,false,true,zonemap_only,9,0.0289,8,0,0,4440
layout_selectivity,block_0_1_pct,false,true,zonemap_only,9,0.0147,81,0,0,60
layout_selectivity,block_1_pct,false,true,zonemap_only,9,0.0164,81,0,0,60
layout_selectivity,block_5_pct,false,true,zonemap_only,9,0.0163,77,0,0,300
layout_selectivity,block_10_pct,false,true,zonemap_only,9,0.0128,73,0,0,540
layout_selectivity,block_20_pct,false,true,zonemap_only,9,0.0182,65,0,0,1020
layout_selectivity,block_50_pct,false,true,zonemap_only,9,0.0195,41,0,0,2460
layout_selectivity,block_90_pct,false,true,zonemap_only,9,0.0214,8,0,0,4440
layout_selectivity,random_0_1_pct,false,true,zonemap_only,10,0.0265,0,0,0,4883
layout_selectivity,random_1_pct,false,true,zonemap_only,10,0.0283,0,0,0,4883
layout_selectivity,random_5_pct,false,true,zonemap_only,10,0.0298,0,0,0,4883
layout_selectivity,random_10_pct,false,true,zonemap_only,10,0.0405,0,0,0,4883
layout_selectivity,random_20_pct,false,true,zonemap_only,10,0.0321,0,0,0,4883
layout_selectivity,random_50_pct,false,true,zonemap_only,10,0.0358,0,0,0,4883
layout_selectivity,random_90_pct,false,true,zonemap_only,10,0.0301,0,0,0,4883
layout_selectivity,sorted_0_1_pct,false,true,zonemap_only,10,0.0150,81,0,0,60
layout_selectivity,sorted_1_pct,false,true,zonemap_only,10,0.0162,81,0,0,60
layout_selectivity,sorted_5_pct,false,true,zonemap_only,10,0.0131,77,0,0,300
layout_selectivity,sorted_10_pct,false,true,zonemap_only,10,0.0180,73,0,0,540
layout_selectivity,sorted_20_pct,false,true,zonemap_only,10,0.0234,65,0,0,1020
layout_selectivity,sorted_50_pct,false,true,zonemap_only,10,0.0178,41,0,0,2460
layout_selectivity,sorted_90_pct,false,true,zonemap_only,10,0.0304,8,0,0,4440
layout_selectivity,block_0_1_pct,false,true,zonemap_only,10,0.0150,81,0,0,60
layout_selectivity,block_1_pct,false,true,zonemap_only,10,0.0156,81,0,0,60
layout_selectivity,block_5_pct,false,true,zonemap_only,10,0.0147,77,0,0,300
layout_selectivity,block_10_pct,false,true,zonemap_only,10,0.0170,73,0,0,540
layout_selectivity,block_20_pct,false,true,zonemap_only,10,0.0155,65,0,0,1020
layout_selectivity,block_50_pct,false,true,zonemap_only,10,0.0208,41,0,0,2460
layout_selectivity,block_90_pct,false,true,zonemap_only,10,0.0256,8,0,0,4440
layout_selectivity,random_0_1_pct,true,false,sketch_only,1,0.0293,0,0,0,4883
layout_selectivity,random_1_pct,true,false,sketch_only,1,0.0301,0,0,0,4883
layout_selectivity,random_5_pct,true,false,sketch_only,1,0.0267,0,0,0,4883
layout_selectivity,random_10_pct,true,false,sketch_only,1,0.0300,0,0,0,4883
layout_selectivity,random_20_pct,true,false,sketch_only,1,0.0333,0,0,0,4883
layout_selectivity,random_50_pct,true,false,sketch_only,1,0.0305,0,0,0,4883
layout_selectivity,random_90_pct,true,false,sketch_only,1,0.0297,0,0,0,4883
layout_selectivity,sorted_0_1_pct,true,false,sketch_only,1,0.0136,81,0,0,60
layout_selectivity,sorted_1_pct,true,false,sketch_only,1,0.0142,81,0,0,60
layout_selectivity,sorted_5_pct,true,false,sketch_only,1,0.0147,77,0,0,300
layout_selectivity,sorted_10_pct,true,false,sketch_only,1,0.0170,73,0,0,540
layout_selectivity,sorted_20_pct,true,false,sketch_only,1,0.0164,65,0,0,1020
layout_selectivity,sorted_50_pct,true,false,sketch_only,1,0.0309,8,0,0,4403
layout_selectivity,sorted_90_pct,true,false,sketch_only,1,0.0321,0,0,0,4883
layout_selectivity,block_0_1_pct,true,false,sketch_only,1,0.0175,81,0,0,60
layout_selectivity,block_1_pct,true,false,sketch_only,1,0.0162,81,0,0,60
layout_selectivity,block_5_pct,true,false,sketch_only,1,0.0151,77,0,0,300
layout_selectivity,block_10_pct,true,false,sketch_only,1,0.0161,73,0,0,540
layout_selectivity,block_20_pct,true,false,sketch_only,1,0.0150,65,0,0,1020
layout_selectivity,block_50_pct,true,false,sketch_only,1,0.0293,8,0,0,4403
layout_selectivity,block_90_pct,true,false,sketch_only,1,0.0280,0,0,0,4883
layout_selectivity,random_0_1_pct,true,false,sketch_only,2,0.0316,0,0,0,4883
layout_selectivity,random_1_pct,true,false,sketch_only,2,0.0499,0,0,0,4883
layout_selectivity,random_5_pct,true,false,sketch_only,2,0.0270,0,0,0,4883
layout_selectivity,random_10_pct,true,false,sketch_only,2,0.0325,0,0,0,4883
layout_selectivity,random_20_pct,true,false,sketch_only,2,0.0320,0,0,0,4883
layout_selectivity,random_50_pct,true,false,sketch_only,2,0.0360,0,0,0,4883
layout_selectivity,random_90_pct,true,false,sketch_only,2,0.0322,0,0,0,4883
layout_selectivity,sorted_0_1_pct,true,false,sketch_only,2,0.0151,81,0,0,60
layout_selectivity,sorted_1_pct,true,false,sketch_only,2,0.0135,81,0,0,60
layout_selectivity,sorted_5_pct,true,false,sketch_only,2,0.0141,77,0,0,300
layout_selectivity,sorted_10_pct,true,false,sketch_only,2,0.0174,73,0,0,540
layout_selectivity,sorted_20_pct,true,false,sketch_only,2,0.0216,65,0,0,1020
layout_selectivity,sorted_50_pct,true,false,sketch_only,2,0.0267,8,0,0,4403
layout_selectivity,sorted_90_pct,true,false,sketch_only,2,0.0321,0,0,0,4883
layout_selectivity,block_0_1_pct,true,false,sketch_only,2,0.0129,81,0,0,60
layout_selectivity,block_1_pct,true,false,sketch_only,2,0.0146,81,0,0,60
layout_selectivity,block_5_pct,true,false,sketch_only,2,0.0136,77,0,0,300
layout_selectivity,block_10_pct,true,false,sketch_only,2,0.0173,72,0,0,600
layout_selectivity,block_20_pct,true,false,sketch_only,2,0.0184,65,0,0,1020
layout_selectivity,block_50_pct,true,false,sketch_only,2,0.0251,8,0,0,4403
layout_selectivity,block_90_pct,true,false,sketch_only,2,0.0289,0,0,0,4883
layout_selectivity,random_0_1_pct,true,false,sketch_only,3,0.0297,0,0,0,4883
layout_selectivity,random_1_pct,true,false,sketch_only,3,0.0325,0,0,0,4883
layout_selectivity,random_5_pct,true,false,sketch_only,3,0.0285,0,0,0,4883
layout_selectivity,random_10_pct,true,false,sketch_only,3,0.0278,0,0,0,4883
layout_selectivity,random_20_pct,true,false,sketch_only,3,0.0367,0,0,0,4883
layout_selectivity,random_50_pct,true,false,sketch_only,3,0.0363,0,0,0,4883
layout_selectivity,random_90_pct,true,false,sketch_only,3,0.0287,0,0,0,4883
layout_selectivity,sorted_0_1_pct,true,false,sketch_only,3,0.0139,81,0,0,60
layout_selectivity,sorted_1_pct,true,false,sketch_only,3,0.0128,81,0,0,60
layout_selectivity,sorted_5_pct,true,false,sketch_only,3,0.0139,77,0,0,300
layout_selectivity,sorted_10_pct,true,false,sketch_only,3,0.0142,73,0,0,540
layout_selectivity,sorted_20_pct,true,false,sketch_only,3,0.0205,65,0,0,1020
layout_selectivity,sorted_50_pct,true,false,sketch_only,3,0.0265,8,0,0,4403
layout_selectivity,sorted_90_pct,true,false,sketch_only,3,0.0297,0,0,0,4883
layout_selectivity,block_0_1_pct,true,false,sketch_only,3,0.0118,81,0,0,60
layout_selectivity,block_1_pct,true,false,sketch_only,3,0.0135,81,0,0,60
layout_selectivity,block_5_pct,true,false,sketch_only,3,0.0151,77,0,0,300
layout_selectivity,block_10_pct,true,false,sketch_only,3,0.0167,73,0,0,540
layout_selectivity,block_20_pct,true,false,sketch_only,3,0.0187,65,0,0,1020
layout_selectivity,block_50_pct,true,false,sketch_only,3,0.0262,8,0,0,4403
layout_selectivity,block_90_pct,true,false,sketch_only,3,0.0268,0,0,0,4883
layout_selectivity,random_0_1_pct,true,false,sketch_only,4,0.0379,0,0,0,4883
layout_selectivity,random_1_pct,true,false,sketch_only,4,0.0331,0,0,0,4883
layout_selectivity,random_5_pct,true,false,sketch_only,4,0.0281,0,0,0,4883
layout_selectivity,random_10_pct,true,false,sketch_only,4,0.0375,0,0,0,4883
layout_selectivity,random_20_pct,true,false,sketch_only,4,0.0317,0,0,0,4883
layout_selectivity,random_50_pct,true,false,sketch_only,4,0.0314,0,0,0,4883
layout_selectivity,random_90_pct,true,false,sketch_only,4,0.0296,0,0,0,4883
layout_selectivity,sorted_0_1_pct,true,false,sketch_only,4,0.0129,81,0,0,60
layout_selectivity,sorted_1_pct,true,false,sketch_only,4,0.0133,81,0,0,60
layout_selectivity,sorted_5_pct,true,false,sketch_only,4,0.0178,76,0,0,360
layout_selectivity,sorted_10_pct,true,false,sketch_only,4,0.0166,73,0,0,540
layout_selectivity,sorted_20_pct,true,false,sketch_only,4,0.0168,65,0,0,1020
layout_selectivity,sorted_50_pct,true,false,sketch_only,4,0.0271,8,0,0,4403
layout_selectivity,sorted_90_pct,true,false,sketch_only,4,0.0261,0,0,0,4883
layout_selectivity,block_0_1_pct,true,false,sketch_only,4,0.0143,81,0,0,60
layout_selectivity,block_1_pct,true,false,sketch_only,4,0.0158,81,0,0,60
layout_selectivity,block_5_pct,true,false,sketch_only,4,0.0144,77,0,0,300
layout_selectivity,block_10_pct,true,false,sketch_only,4,0.0173,73,0,0,540
layout_selectivity,block_20_pct,true,false,sketch_only,4,0.0155,65,0,0,1020
layout_selectivity,block_50_pct,true,false,sketch_only,4,0.0267,8,0,0,4403
layout_selectivity,block_90_pct,true,false,sketch_only,4,0.0302,0,0,0,4883
layout_selectivity,random_0_1_pct,true,false,sketch_only,5,0.0308,0,0,0,4883
layout_selectivity,random_1_pct,true,false,sketch_only,5,0.0303,0,0,0,4883
layout_selectivity,random_5_pct,true,false,sketch_only,5,0.0291,0,0,0,4883
layout_selectivity,random_10_pct,true,false,sketch_only,5,0.0394,0,0,0,4883
layout_selectivity,random_20_pct,true,false,sketch_only,5,0.0314,0,0,0,4883
layout_selectivity,random_50_pct,true,false,sketch_only,5,0.0352,0,0,0,4883
layout_selectivity,random_90_pct,true,false,sketch_only,5,0.0276,0,0,0,4883
layout_selectivity,sorted_0_1_pct,true,false,sketch_only,5,0.0165,81,0,0,60
layout_selectivity,sorted_1_pct,true,false,sketch_only,5,0.0179,81,0,0,60
layout_selectivity,sorted_5_pct,true,false,sketch_only,5,0.0139,77,0,0,300
layout_selectivity,sorted_10_pct,true,false,sketch_only,5,0.0130,73,0,0,540
layout_selectivity,sorted_20_pct,true,false,sketch_only,5,0.0209,65,0,0,1020
layout_selectivity,sorted_50_pct,true,false,sketch_only,5,0.0210,8,0,0,4403
layout_selectivity,sorted_90_pct,true,false,sketch_only,5,0.0257,0,0,0,4883
layout_selectivity,block_0_1_pct,true,false,sketch_only,5,0.0127,81,0,0,60
layout_selectivity,block_1_pct,true,false,sketch_only,5,0.0172,81,0,0,60
layout_selectivity,block_5_pct,true,false,sketch_only,5,0.0171,76,0,0,360
layout_selectivity,block_10_pct,true,false,sketch_only,5,0.0144,73,0,0,540
layout_selectivity,block_20_pct,true,false,sketch_only,5,0.0178,65,0,0,1020
layout_selectivity,block_50_pct,true,false,sketch_only,5,0.0290,8,0,0,4403
layout_selectivity,block_90_pct,true,false,sketch_only,5,0.0288,0,0,0,4883
layout_selectivity,random_0_1_pct,true,false,sketch_only,6,0.0290,0,0,0,4883
layout_selectivity,random_1_pct,true,false,sketch_only,6,0.0266,0,0,0,4883
layout_selectivity,random_5_pct,true,false,sketch_only,6,0.0278,0,0,0,4883
layout_selectivity,random_10_pct,true,false,sketch_only,6,0.0316,0,0,0,4883
layout_selectivity,random_20_pct,true,false,sketch_only,6,0.0349,0,0,0,4883
layout_selectivity,random_50_pct,true,false,sketch_only,6,0.0357,0,0,0,4883
layout_selectivity,random_90_pct,true,false,sketch_only,6,0.0339,0,0,0,4883
layout_selectivity,sorted_0_1_pct,true,false,sketch_only,6,0.0145,81,0,0,60
layout_selectivity,sorted_1_pct,true,false,sketch_only,6,0.0174,81,0,0,60
layout_selectivity,sorted_5_pct,true,false,sketch_only,6,0.0139,77,0,0,300
layout_selectivity,sorted_10_pct,true,false,sketch_only,6,0.0159,73,0,0,540
layout_selectivity,sorted_20_pct,true,false,sketch_only,6,0.0232,65,0,0,1020
layout_selectivity,sorted_50_pct,true,false,sketch_only,6,0.0322,8,0,0,4403
layout_selectivity,sorted_90_pct,true,false,sketch_only,6,0.0266,0,0,0,4883
layout_selectivity,block_0_1_pct,true,false,sketch_only,6,0.0157,81,0,0,60
layout_selectivity,block_1_pct,true,false,sketch_only,6,0.0172,81,0,0,60
layout_selectivity,block_5_pct,true,false,sketch_only,6,0.0161,77,0,0,300
layout_selectivity,block_10_pct,true,false,sketch_only,6,0.0151,73,0,0,540
layout_selectivity,block_20_pct,true,false,sketch_only,6,0.0206,64,0,0,1080
layout_selectivity,block_50_pct,true,false,sketch_only,6,0.0269,8,0,0,4403
layout_selectivity,block_90_pct,true,false,sketch_only,6,0.0280,0,0,0,4883
layout_selectivity,random_0_1_pct,true,false,sketch_only,7,0.0291,0,0,0,4883
layout_selectivity,random_1_pct,true,false,sketch_only,7,0.0370,0,0,0,4883
layout_selectivity,random_5_pct,true,false,sketch_only,7,0.0342,0,0,0,4883
layout_selectivity,random_10_pct,true,false,sketch_only,7,0.0262,0,0,0,4883
layout_selectivity,random_20_pct,true,false,sketch_only,7,0.0320,0,0,0,4883
layout_selectivity,random_50_pct,true,false,sketch_only,7,0.0396,0,0,0,4883
layout_selectivity,random_90_pct,true,false,sketch_only,7,0.0363,0,0,0,4883
layout_selectivity,sorted_0_1_pct,true,false,sketch_only,7,0.0165,81,0,0,60
layout_selectivity,sorted_1_pct,true,false,sketch_only,7,0.0154,81,0,0,60
layout_selectivity,sorted_5_pct,true,false,sketch_only,7,0.0161,77,0,0,300
layout_selectivity,sorted_10_pct,true,false,sketch_only,7,0.0176,73,0,0,540
layout_selectivity,sorted_20_pct,true,false,sketch_only,7,0.0193,65,0,0,1020
layout_selectivity,sorted_50_pct,true,false,sketch_only,7,0.0260,8,0,0,4403
layout_selectivity,sorted_90_pct,true,false,sketch_only,7,0.0294,0,0,0,4883
layout_selectivity,block_0_1_pct,true,false,sketch_only,7,0.0147,81,0,0,60
layout_selectivity,block_1_pct,true,false,sketch_only,7,0.0146,81,0,0,60
layout_selectivity,block_5_pct,true,false,sketch_only,7,0.0166,77,0,0,300
layout_selectivity,block_10_pct,true,false,sketch_only,7,0.0173,73,0,0,540
layout_selectivity,block_20_pct,true,false,sketch_only,7,0.0184,65,0,0,1020
layout_selectivity,block_50_pct,true,false,sketch_only,7,0.0256,8,0,0,4403
layout_selectivity,block_90_pct,true,false,sketch_only,7,0.0253,0,0,0,4883
layout_selectivity,random_0_1_pct,true,false,sketch_only,8,0.0290,0,0,0,4883
layout_selectivity,random_1_pct,true,false,sketch_only,8,0.0328,0,0,0,4883
layout_selectivity,random_5_pct,true,false,sketch_only,8,0.0350,0,0,0,4883
layout_selectivity,random_10_pct,true,false,sketch_only,8,0.0337,0,0,0,4883
layout_selectivity,random_20_pct,true,false,sketch_only,8,0.0354,0,0,0,4883
layout_selectivity,random_50_pct,true,false,sketch_only,8,0.0306,0,0,0,4883
layout_selectivity,random_90_pct,true,false,sketch_only,8,0.0337,0,0,0,4883
layout_selectivity,sorted_0_1_pct,true,false,sketch_only,8,0.0142,81,0,0,60
layout_selectivity,sorted_1_pct,true,false,sketch_only,8,0.0139,80,0,0,120
layout_selectivity,sorted_5_pct,true,false,sketch_only,8,0.0144,76,0,0,360
layout_selectivity,sorted_10_pct,true,false,sketch_only,8,0.0138,72,0,0,600
layout_selectivity,sorted_20_pct,true,false,sketch_only,8,0.0153,65,0,0,1020
layout_selectivity,sorted_50_pct,true,false,sketch_only,8,0.0251,8,0,0,4403
layout_selectivity,sorted_90_pct,true,false,sketch_only,8,0.0274,0,0,0,4883
layout_selectivity,block_0_1_pct,true,false,sketch_only,8,0.0144,81,0,0,60
layout_selectivity,block_1_pct,true,false,sketch_only,8,0.0170,81,0,0,60
layout_selectivity,block_5_pct,true,false,sketch_only,8,0.0157,77,0,0,300
layout_selectivity,block_10_pct,true,false,sketch_only,8,0.0138,73,0,0,540
layout_selectivity,block_20_pct,true,false,sketch_only,8,0.0166,65,0,0,1020
layout_selectivity,block_50_pct,true,false,sketch_only,8,0.0264,8,0,0,4403
layout_selectivity,block_90_pct,true,false,sketch_only,8,0.0267,0,0,0,4883
layout_selectivity,random_0_1_pct,true,false,sketch_only,9,0.0265,0,0,0,4883
layout_selectivity,random_1_pct,true,false,sketch_only,9,0.0268,0,0,0,4883
layout_selectivity,random_5_pct,true,false,sketch_only,9,0.0315,0,0,0,4883
layout_selectivity,random_10_pct,true,false,sketch_only,9,0.0290,0,0,0,4883
layout_selectivity,random_20_pct,true,false,sketch_only,9,0.0356,0,0,0,4883
layout_selectivity,random_50_pct,true,false,sketch_only,9,0.0365,0,0,0,4883
layout_selectivity,random_90_pct,true,false,sketch_only,9,0.0298,0,0,0,4883
layout_selectivity,sorted_0_1_pct,true,false,sketch_only,9,0.0149,81,0,0,60
layout_selectivity,sorted_1_pct,true,false,sketch_only,9,0.0165,81,0,0,60
layout_selectivity,sorted_5_pct,true,false,sketch_only,9,0.0183,77,0,0,300
layout_selectivity,sorted_10_pct,true,false,sketch_only,9,0.0165,73,0,0,540
layout_selectivity,sorted_20_pct,true,false,sketch_only,9,0.0166,65,0,0,1020
layout_selectivity,sorted_50_pct,true,false,sketch_only,9,0.0261,8,0,0,4403
layout_selectivity,sorted_90_pct,true,false,sketch_only,9,0.0259,0,0,0,4883
layout_selectivity,block_0_1_pct,true,false,sketch_only,9,0.0142,81,0,0,60
layout_selectivity,block_1_pct,true,false,sketch_only,9,0.0134,81,0,0,60
layout_selectivity,block_5_pct,true,false,sketch_only,9,0.0117,77,0,0,300
layout_selectivity,block_10_pct,true,false,sketch_only,9,0.0107,73,0,0,540
layout_selectivity,block_20_pct,true,false,sketch_only,9,0.0151,64,0,0,1080
layout_selectivity,block_50_pct,true,false,sketch_only,9,0.0321,8,0,0,4403
layout_selectivity,block_90_pct,true,false,sketch_only,9,0.0265,0,0,0,4883
layout_selectivity,random_0_1_pct,true,false,sketch_only,10,0.0287,0,0,0,4883
layout_selectivity,random_1_pct,true,false,sketch_only,10,0.0271,0,0,0,4883
layout_selectivity,random_5_pct,true,false,sketch_only,10,0.0290,0,0,0,4883
layout_selectivity,random_10_pct,true,false,sketch_only,10,0.0304,0,0,0,4883
layout_selectivity,random_20_pct,true,false,sketch_only,10,0.0352,0,0,0,4883
layout_selectivity,random_50_pct,true,false,sketch_only,10,0.0333,0,0,0,4883
layout_selectivity,random_90_pct,true,false,sketch_only,10,0.0312,0,0,0,4883
layout_selectivity,sorted_0_1_pct,true,false,sketch_only,10,0.0164,81,0,0,60
layout_selectivity,sorted_1_pct,true,false,sketch_only,10,0.0162,81,0,0,60
layout_selectivity,sorted_5_pct,true,false,sketch_only,10,0.0148,76,0,0,360
layout_selectivity,sorted_10_pct,true,false,sketch_only,10,0.0138,73,0,0,540
layout_selectivity,sorted_20_pct,true,false,sketch_only,10,0.0154,65,0,0,1020
layout_selectivity,sorted_50_pct,true,false,sketch_only,10,0.0252,8,0,0,4403
layout_selectivity,sorted_90_pct,true,false,sketch_only,10,0.0275,0,0,0,4883
layout_selectivity,block_0_1_pct,true,false,sketch_only,10,0.0121,81,0,0,60
layout_selectivity,block_1_pct,true,false,sketch_only,10,0.0165,81,0,0,60
layout_selectivity,block_5_pct,true,false,sketch_only,10,0.0148,77,0,0,300
layout_selectivity,block_10_pct,true,false,sketch_only,10,0.0169,73,0,0,540
layout_selectivity,block_20_pct,true,false,sketch_only,10,0.0178,65,0,0,1020
layout_selectivity,block_50_pct,true,false,sketch_only,10,0.0341,8,0,0,4403
layout_selectivity,block_90_pct,true,false,sketch_only,10,0.0282,0,0,0,4883
layout_selectivity,random_0_1_pct,true,true,none,1,0.0285,0,0,0,4883
layout_selectivity,random_1_pct,true,true,none,1,0.0272,0,0,0,4883
layout_selectivity,random_5_pct,true,true,none,1,0.0329,0,0,0,4883
layout_selectivity,random_10_pct,true,true,none,1,0.0303,0,0,0,4883
layout_selectivity,random_20_pct,true,true,none,1,0.0311,0,0,0,4883
layout_selectivity,random_50_pct,true,true,none,1,0.0367,0,0,0,4883
layout_selectivity,random_90_pct,true,true,none,1,0.0322,0,0,0,4883
layout_selectivity,sorted_0_1_pct,true,true,none,1,0.0138,81,0,0,60
layout_selectivity,sorted_1_pct,true,true,none,1,0.0137,81,0,0,60
layout_selectivity,sorted_5_pct,true,true,none,1,0.0162,77,0,0,300
layout_selectivity,sorted_10_pct,true,true,none,1,0.0165,72,0,0,600
layout_selectivity,sorted_20_pct,true,true,none,1,0.0195,65,0,0,1020
layout_selectivity,sorted_50_pct,true,true,none,1,0.0289,8,0,0,4403
layout_selectivity,sorted_90_pct,true,true,none,1,0.0260,0,0,0,4883
layout_selectivity,block_0_1_pct,true,true,none,1,0.0174,81,0,0,60
layout_selectivity,block_1_pct,true,true,none,1,0.0163,80,0,0,120
layout_selectivity,block_5_pct,true,true,none,1,0.0149,77,0,0,300
layout_selectivity,block_10_pct,true,true,none,1,0.0155,73,0,0,540
layout_selectivity,block_20_pct,true,true,none,1,0.0142,65,0,0,1020
layout_selectivity,block_50_pct,true,true,none,1,0.0261,8,0,0,4403
layout_selectivity,block_90_pct,true,true,none,1,0.0241,0,0,0,4883
layout_selectivity,random_0_1_pct,true,true,none,2,0.0320,0,0,0,4883
layout_selectivity,random_1_pct,true,true,none,2,0.0337,0,0,0,4883
layout_selectivity,random_5_pct,true,true,none,2,0.0320,0,0,0,4883
layout_selectivity,random_10_pct,true,true,none,2,0.0322,0,0,0,4883
layout_selectivity,random_20_pct,true,true,none,2,0.0349,0,0,0,4883
layout_selectivity,random_50_pct,true,true,none,2,0.0355,0,0,0,4883
layout_selectivity,random_90_pct,true,true,none,2,0.0272,0,0,0,4883
layout_selectivity,sorted_0_1_pct,true,true,none,2,0.0160,81,0,0,60
layout_selectivity,sorted_1_pct,true,true,none,2,0.0165,81,0,0,60
layout_selectivity,sorted_5_pct,true,true,none,2,0.0169,77,0,0,300
layout_selectivity,sorted_10_pct,true,true,none,2,0.0138,73,0,0,540
layout_selectivity,sorted_20_pct,true,true,none,2,0.0157,65,0,0,1020
layout_selectivity,sorted_50_pct,true,true,none,2,0.0268,8,0,0,4403
layout_selectivity,sorted_90_pct,true,true,none,2,0.0233,0,0,0,4883
layout_selectivity,block_0_1_pct,true,true,none,2,0.0144,81,0,0,60
layout_selectivity,block_1_pct,true,true,none,2,0.0117,81,0,0,60
layout_selectivity,block_5_pct,true,true,none,2,0.0174,77,0,0,300
layout_selectivity,block_10_pct,true,true,none,2,0.0170,73,0,0,540
layout_selectivity,block_20_pct,true,true,none,2,0.0145,65,0,0,1020
layout_selectivity,block_50_pct,true,true,none,2,0.0282,8,0,0,4403
layout_selectivity,block_90_pct,true,true,none,2,0.0296,0,0,0,4883
layout_selectivity,random_0_1_pct,true,true,none,3,0.0337,0,0,0,4883
layout_selectivity,random_1_pct,true,true,none,3,0.0297,0,0,0,4883
layout_selectivity,random_5_pct,true,true,none,3,0.0326,0,0,0,4883
layout_selectivity,random_10_pct,true,true,none,3,0.0325,0,0,0,4883
layout_selectivity,random_20_pct,true,true,none,3,0.0327,0,0,0,4883
layout_selectivity,random_50_pct,true,true,none,3,0.0362,0,0,0,4883
layout_selectivity,random_90_pct,true,true,none,3,0.0357,0,0,0,4883
layout_selectivity,sorted_0_1_pct,true,true,none,3,0.0126,81,0,0,60
layout_selectivity,sorted_1_pct,true,true,none,3,0.0189,81,0,0,60
layout_selectivity,sorted_5_pct,true,true,none,3,0.0158,77,0,0,300
layout_selectivity,sorted_10_pct,true,true,none,3,0.0170,73,0,0,540
layout_selectivity,sorted_20_pct,true,true,none,3,0.0156,65,0,0,1020
layout_selectivity,sorted_50_pct,true,true,none,3,0.0275,8,0,0,4403
layout_selectivity,sorted_90_pct,true,true,none,3,0.0303,0,0,0,4883
layout_selectivity,block_0_1_pct,true,true,none,3,0.0151,81,0,0,60
layout_selectivity,block_1_pct,true,true,none,3,0.0144,81,0,0,60
layout_selectivity,block_5_pct,true,true,none,3,0.0164,77,0,0,300
layout_selectivity,block_10_pct,true,true,none,3,0.0128,72,0,0,600
layout_selectivity,block_20_pct,true,true,none,3,0.0190,65,0,0,1020
layout_selectivity,block_50_pct,true,true,none,3,0.0283,8,0,0,4403
layout_selectivity,block_90_pct,true,true,none,3,0.0271,0,0,0,4883
layout_selectivity,random_0_1_pct,true,true,none,4,0.0258,0,0,0,4883
layout_selectivity,random_1_pct,true,true,none,4,0.0340,0,0,0,4883
layout_selectivity,random_5_pct,true,true,none,4,0.0300,0,0,0,4883
layout_selectivity,random_10_pct,true,true,none,4,0.0317,0,0,0,4883
layout_selectivity,random_20_pct,true,true,none,4,0.0329,0,0,0,4883
layout_selectivity,random_50_pct,true,true,none,4,0.0331,0,0,0,4883
layout_selectivity,random_90_pct,true,true,none,4,0.0295,0,0,0,4883
layout_selectivity,sorted_0_1_pct,true,true,none,4,0.0131,81,0,0,60
layout_selectivity,sorted_1_pct,true,true,none,4,0.0149,81,0,0,60
layout_selectivity,sorted_5_pct,true,true,none,4,0.0185,77,0,0,300
layout_selectivity,sorted_10_pct,true,true,none,4,0.0168,73,0,0,540
layout_selectivity,sorted_20_pct,true,true,none,4,0.0170,65,0,0,1020
layout_selectivity,sorted_50_pct,true,true,none,4,0.0271,8,0,0,4403
layout_selectivity,sorted_90_pct,true,true,none,4,0.0292,0,0,0,4883
layout_selectivity,block_0_1_pct,true,true,none,4,0.0128,81,0,0,60
layout_selectivity,block_1_pct,true,true,none,4,0.0124,81,0,0,60
layout_selectivity,block_5_pct,true,true,none,4,0.0145,77,0,0,300
layout_selectivity,block_10_pct,true,true,none,4,0.0148,73,0,0,540
layout_selectivity,block_20_pct,true,true,none,4,0.0178,65,0,0,1020
layout_selectivity,block_50_pct,true,true,none,4,0.0322,8,0,0,4403
layout_selectivity,block_90_pct,true,true,none,4,0.0308,0,0,0,4883
layout_selectivity,random_0_1_pct,true,true,none,5,0.0322,0,0,0,4883
layout_selectivity,random_1_pct,true,true,none,5,0.0335,0,0,0,4883
layout_selectivity,random_5_pct,true,true,none,5,0.0316,0,0,0,4883
layout_selectivity,random_10_pct,true,true,none,5,0.0376,0,0,0,4883
layout_selectivity,random_20_pct,true,true,none,5,0.0361,0,0,0,4883
layout_selectivity,random_50_pct,true,true,none,5,0.0324,0,0,0,4883
layout_selectivity,random_90_pct,true,true,none,5,0.0328,0,0,0,4883
layout_selectivity,sorted_0_1_pct,true,true,none,5,0.0130,81,0,0,60
layout_selectivity,sorted_1_pct,true,true,none,5,0.0170,81,0,0,60
layout_selectivity,sorted_5_pct,true,true,none,5,0.0137,77,0,0,300
layout_selectivity,sorted_10_pct,true,true,none,5,0.0150,73,0,0,540
layout_selectivity,sorted_20_pct,true,true,none,5,0.0229,65,0,0,1020
layout_selectivity,sorted_50_pct,true,true,none,5,0.0269,8,0,0,4403
layout_selectivity,sorted_90_pct,true,true,none,5,0.0286,0,0,0,4883
layout_selectivity,block_0_1_pct,true,true,none,5,0.0136,81,0,0,60
layout_selectivity,block_1_pct,true,true,none,5,0.0153,81,0,0,60
layout_selectivity,block_5_pct,true,true,none,5,0.0136,77,0,0,300
layout_selectivity,block_10_pct,true,true,none,5,0.0156,73,0,0,540
layout_selectivity,block_20_pct,true,true,none,5,0.0147,65,0,0,1020
layout_selectivity,block_50_pct,true,true,none,5,0.0299,8,0,0,4403
layout_selectivity,block_90_pct,true,true,none,5,0.0323,0,0,0,4883
layout_selectivity,random_0_1_pct,true,true,none,6,0.0321,0,0,0,4883
layout_selectivity,random_1_pct,true,true,none,6,0.0312,0,0,0,4883
layout_selectivity,random_5_pct,true,true,none,6,0.0329,0,0,0,4883
layout_selectivity,random_10_pct,true,true,none,6,0.0361,0,0,0,4883
layout_selectivity,random_20_pct,true,true,none,6,0.0271,0,0,0,4883
layout_selectivity,random_50_pct,true,true,none,6,0.0321,0,0,0,4883
layout_selectivity,random_90_pct,true,true,none,6,0.0295,0,0,0,4883
layout_selectivity,sorted_0_1_pct,true,true,none,6,0.0154,81,0,0,60
layout_selectivity,sorted_1_pct,true,true,none,6,0.0146,81,0,0,60
layout_selectivity,sorted_5_pct,true,true,none,6,0.0168,77,0,0,300
layout_selectivity,sorted_10_pct,true,true,none,6,0.0160,73,0,0,540
layout_selectivity,sorted_20_pct,true,true,none,6,0.0182,65,0,0,1020
layout_selectivity,sorted_50_pct,true,true,none,6,0.0277,8,0,0,4403
layout_selectivity,sorted_90_pct,true,true,none,6,0.0263,0,0,0,4883
layout_selectivity,block_0_1_pct,true,true,none,6,0.0154,81,0,0,60
layout_selectivity,block_1_pct,true,true,none,6,0.0151,81,0,0,60
layout_selectivity,block_5_pct,true,true,none,6,0.0163,77,0,0,300
layout_selectivity,block_10_pct,true,true,none,6,0.0146,73,0,0,540
layout_selectivity,block_20_pct,true,true,none,6,0.0128,65,0,0,1020
layout_selectivity,block_50_pct,true,true,none,6,0.0267,8,0,0,4403
layout_selectivity,block_90_pct,true,true,none,6,0.0264,0,0,0,4883
layout_selectivity,random_0_1_pct,true,true,none,7,0.0319,0,0,0,4883
layout_selectivity,random_1_pct,true,true,none,7,0.0293,0,0,0,4883
layout_selectivity,random_5_pct,true,true,none,7,0.0336,0,0,0,4883
layout_selectivity,random_10_pct,true,true,none,7,0.0312,0,0,0,4883
layout_selectivity,random_20_pct,true,true,none,7,0.0331,0,0,0,4883
layout_selectivity,random_50_pct,true,true,none,7,0.0350,0,0,0,4883
layout_selectivity,random_90_pct,true,true,none,7,0.0291,0,0,0,4883
layout_selectivity,sorted_0_1_pct,true,true,none,7,0.0165,81,0,0,60
layout_selectivity,sorted_1_pct,true,true,none,7,0.0163,81,0,0,60
layout_selectivity,sorted_5_pct,true,true,none,7,0.0176,77,0,0,300
layout_selectivity,sorted_10_pct,true,true,none,7,0.0164,73,0,0,540
layout_selectivity,sorted_20_pct,true,true,none,7,0.0162,65,0,0,1020
layout_selectivity,sorted_50_pct,true,true,none,7,0.0270,8,0,0,4403
layout_selectivity,sorted_90_pct,true,true,none,7,0.0306,0,0,0,4883
layout_selectivity,block_0_1_pct,true,true,none,7,0.0153,81,0,0,60
layout_selectivity,block_1_pct,true,true,none,7,0.0132,81,0,0,60
layout_selectivity,block_5_pct,true,true,none,7,0.0171,77,0,0,300
layout_selectivity,block_10_pct,true,true,none,7,0.0172,73,0,0,540
layout_selectivity,block_20_pct,true,true,none,7,0.0154,65,0,0,1020
layout_selectivity,block_50_pct,true,true,none,7,0.0253,41,0,0,2460
layout_selectivity,block_90_pct,true,true,none,7,0.0361,0,0,0,4883
layout_selectivity,random_0_1_pct,true,true,none,8,0.0320,0,0,0,4883
layout_selectivity,random_1_pct,true,true,none,8,0.0345,0,0,0,4883
layout_selectivity,random_5_pct,true,true,none,8,0.0397,0,0,0,4883
layout_selectivity,random_10_pct,true,true,none,8,0.0320,0,0,0,4883
layout_selectivity,random_20_pct,true,true,none,8,0.0365,0,0,0,4883
layout_selectivity,random_50_pct,true,true,none,8,0.0364,0,0,0,4883
layout_selectivity,random_90_pct,true,true,none,8,0.0320,0,0,0,4883
layout_selectivity,sorted_0_1_pct,true,true,none,8,0.0148,81,0,0,60
layout_selectivity,sorted_1_pct,true,true,none,8,0.0169,81,0,0,60
layout_selectivity,sorted_5_pct,true,true,none,8,0.0175,77,0,0,300
layout_selectivity,sorted_10_pct,true,true,none,8,0.0176,73,0,0,540
layout_selectivity,sorted_20_pct,true,true,none,8,0.0216,65,0,0,1020
layout_selectivity,sorted_50_pct,true,true,none,8,0.0323,8,0,0,4403
layout_selectivity,sorted_90_pct,true,true,none,8,0.0300,0,0,0,4883
layout_selectivity,block_0_1_pct,true,true,none,8,0.0161,81,0,0,60
layout_selectivity,block_1_pct,true,true,none,8,0.0166,81,0,0,60
layout_selectivity,block_5_pct,true,true,none,8,0.0175,77,0,0,300
layout_selectivity,block_10_pct,true,true,none,8,0.0166,73,0,0,540
layout_selectivity,block_20_pct,true,true,none,8,0.0187,65,0,0,1020
layout_selectivity,block_50_pct,true,true,none,8,0.0266,8,0,0,4403
layout_selectivity,block_90_pct,true,true,none,8,0.0252,0,0,0,4883
layout_selectivity,random_0_1_pct,true,true,none,9,0.0274,0,0,0,4883
layout_selectivity,random_1_pct,true,true,none,9,0.0333,0,0,0,4883
layout_selectivity,random_5_pct,true,true,none,9,0.0290,0,0,0,4883
layout_selectivity,random_10_pct,true,true,none,9,0.0338,0,0,0,4883
layout_selectivity,random_20_pct,true,true,none,9,0.0368,0,0,0,4883
layout_selectivity,random_50_pct,true,true,none,9,0.0348,0,0,0,4883
layout_selectivity,random_90_pct,true,true,none,9,0.0321,0,0,0,4883
layout_selectivity,sorted_0_1_pct,true,true,none,9,0.0260,81,0,0,60
layout_selectivity,sorted_1_pct,true,true,none,9,0.0161,81,0,0,60
layout_selectivity,sorted_5_pct,true,true,none,9,0.0171,77,0,0,300
layout_selectivity,sorted_10_pct,true,true,none,9,0.0175,73,0,0,540
layout_selectivity,sorted_20_pct,true,true,none,9,0.0189,65,0,0,1020
layout_selectivity,sorted_50_pct,true,true,none,9,0.0267,8,0,0,4403
layout_selectivity,sorted_90_pct,true,true,none,9,0.0280,0,0,0,4883
layout_selectivity,block_0_1_pct,true,true,none,9,0.0138,81,0,0,60
layout_selectivity,block_1_pct,true,true,none,9,0.0150,81,0,0,60
layout_selectivity,block_5_pct,true,true,none,9,0.0156,77,0,0,300
layout_selectivity,block_10_pct,true,true,none,9,0.0172,73,0,0,540
layout_selectivity,block_20_pct,true,true,none,9,0.0202,65,0,0,1020
layout_selectivity,block_50_pct,true,true,none,9,0.0289,8,0,0,4403
layout_selectivity,block_90_pct,true,true,none,9,0.0281,0,0,0,4883
layout_selectivity,random_0_1_pct,true,true,none,10,0.0360,0,0,0,4883
layout_selectivity,random_1_pct,true,true,none,10,0.0367,0,0,0,4883
layout_selectivity,random_5_pct,true,true,none,10,0.0329,0,0,0,4883
layout_selectivity,random_10_pct,true,true,none,10,0.0426,0,0,0,4883
layout_selectivity,random_20_pct,true,true,none,10,0.0359,0,0,0,4883
layout_selectivity,random_50_pct,true,true,none,10,0.0296,0,0,0,4883
layout_selectivity,random_90_pct,true,true,none,10,0.0342,0,0,0,4883
layout_selectivity,sorted_0_1_pct,true,true,none,10,0.0162,81,0,0,60
layout_selectivity,sorted_1_pct,true,true,none,10,0.0138,81,0,0,60
layout_selectivity,sorted_5_pct,true,true,none,10,0.0175,77,0,0,300
layout_selectivity,sorted_10_pct,true,true,none,10,0.0169,73,0,0,540
layout_selectivity,sorted_20_pct,true,true,none,10,0.0196,65,0,0,1020
layout_selectivity,sorted_50_pct,true,true,none,10,0.0242,8,0,0,4403
layout_selectivity,sorted_90_pct,true,true,none,10,0.0268,0,0,0,4883
layout_selectivity,block_0_1_pct,true,true,none,10,0.0145,81,0,0,60
layout_selectivity,block_1_pct,true,true,none,10,0.0158,81,0,0,60
layout_selectivity,block_5_pct,true,true,none,10,0.0170,77,0,0,300
layout_selectivity,block_10_pct,true,true,none,10,0.0159,73,0,0,540
layout_selectivity,block_20_pct,true,true,none,10,0.0196,65,0,0,1020
layout_selectivity,block_50_pct,true,true,none,10,0.0282,8,0,0,4403
layout_selectivity,block_90_pct,true,true,none,10,0.0287,0,0,0,4883
ndv_selectivity,low_1_pct,false,false,full,1,0.0239,0,0,0,4883
ndv_selectivity,low_5_pct,false,false,full,1,0.0243,0,0,0,4883
ndv_selectivity,low_10_pct,false,false,full,1,0.0261,0,0,0,4883
ndv_selectivity,low_20_pct,false,false,full,1,0.0243,0,0,0,4883
ndv_selectivity,low_50_pct,false,false,full,1,0.0274,0,0,0,4883
ndv_selectivity,low_90_pct,false,false,full,1,0.0258,0,0,0,4883
ndv_selectivity,medium_1_pct,false,false,full,1,0.0208,0,0,0,4883
ndv_selectivity,medium_5_pct,false,false,full,1,0.0201,0,0,0,4883
ndv_selectivity,medium_10_pct,false,false,full,1,0.0199,0,0,0,4883
ndv_selectivity,medium_20_pct,false,false,full,1,0.0166,0,0,0,4883
ndv_selectivity,medium_50_pct,false,false,full,1,0.0218,0,0,0,4883
ndv_selectivity,medium_90_pct,false,false,full,1,0.0219,0,0,0,4883
ndv_selectivity,high_1_pct,false,false,full,1,0.0176,71,0,0,660
ndv_selectivity,high_5_pct,false,false,full,1,0.0183,69,0,0,780
ndv_selectivity,high_10_pct,false,false,full,1,0.0175,65,0,0,1020
ndv_selectivity,high_20_pct,false,false,full,1,0.0155,57,0,0,1500
ndv_selectivity,high_50_pct,false,false,full,1,0.0180,31,0,0,3060
ndv_selectivity,high_90_pct,false,false,full,1,0.0182,1,0,0,4860
ndv_selectivity,low_1_pct,false,false,full,2,0.0187,0,0,0,4883
ndv_selectivity,low_5_pct,false,false,full,2,0.0171,0,0,0,4883
ndv_selectivity,low_10_pct,false,false,full,2,0.0244,0,0,0,4883
ndv_selectivity,low_20_pct,false,false,full,2,0.0188,0,0,0,4883
ndv_selectivity,low_50_pct,false,false,full,2,0.0250,0,0,0,4883
ndv_selectivity,low_90_pct,false,false,full,2,0.0247,0,0,0,4883
ndv_selectivity,medium_1_pct,false,false,full,2,0.0210,0,0,0,4883
ndv_selectivity,medium_5_pct,false,false,full,2,0.0225,0,0,0,4883
ndv_selectivity,medium_10_pct,false,false,full,2,0.0204,0,0,0,4883
ndv_selectivity,medium_20_pct,false,false,full,2,0.0209,0,0,0,4883
ndv_selectivity,medium_50_pct,false,false,full,2,0.0218,0,0,0,4883
ndv_selectivity,medium_90_pct,false,false,full,2,0.0214,0,0,0,4883
ndv_selectivity,high_1_pct,false,false,full,2,0.0156,71,0,0,660
ndv_selectivity,high_5_pct,false,false,full,2,0.0145,69,0,0,780
ndv_selectivity,high_10_pct,false,false,full,2,0.0132,65,0,0,1020
ndv_selectivity,high_20_pct,false,false,full,2,0.0173,57,0,0,1500
ndv_selectivity,high_50_pct,false,false,full,2,0.0143,31,0,0,3060
ndv_selectivity,high_90_pct,false,false,full,2,0.0193,1,0,0,4860
ndv_selectivity,low_1_pct,false,false,full,3,0.0264,0,0,0,4883
ndv_selectivity,low_5_pct,false,false,full,3,0.0257,0,0,0,4883
ndv_selectivity,low_10_pct,false,false,full,3,0.0267,0,0,0,4883
ndv_selectivity,low_20_pct,false,false,full,3,0.0266,0,0,0,4883
ndv_selectivity,low_50_pct,false,false,full,3,0.0273,0,0,0,4883
ndv_selectivity,low_90_pct,false,false,full,3,0.0231,0,0,0,4883
ndv_selectivity,medium_1_pct,false,false,full,3,0.0213,0,0,0,4883
ndv_selectivity,medium_5_pct,false,false,full,3,0.0189,0,0,0,4883
ndv_selectivity,medium_10_pct,false,false,full,3,0.0197,0,0,0,4883
ndv_selectivity,medium_20_pct,false,false,full,3,0.0162,0,0,0,4883
ndv_selectivity,medium_50_pct,false,false,full,3,0.0113,0,0,0,4883
ndv_selectivity,medium_90_pct,false,false,full,3,0.0180,0,0,0,4883
ndv_selectivity,high_1_pct,false,false,full,3,0.0160,71,0,0,660
ndv_selectivity,high_5_pct,false,false,full,3,0.0124,69,0,0,780
ndv_selectivity,high_10_pct,false,false,full,3,0.0155,65,0,0,1020
ndv_selectivity,high_20_pct,false,false,full,3,0.0143,57,0,0,1500
ndv_selectivity,high_50_pct,false,false,full,3,0.0199,31,0,0,3060
ndv_selectivity,high_90_pct,false,false,full,3,0.0196,1,0,0,4860
ndv_selectivity,low_1_pct,false,false,full,4,0.0233,0,0,0,4883
ndv_selectivity,low_5_pct,false,false,full,4,0.0257,0,0,0,4883
ndv_selectivity,low_10_pct,false,false,full,4,0.0246,0,0,0,4883
ndv_selectivity,low_20_pct,false,false,full,4,0.0236,0,0,0,4883
ndv_selectivity,low_50_pct,false,false,full,4,0.0247,0,0,0,4883
ndv_selectivity,low_90_pct,false,false,full,4,0.0253,0,0,0,4883
ndv_selectivity,medium_1_pct,false,false,full,4,0.0226,0,0,0,4883
ndv_selectivity,medium_5_pct,false,false,full,4,0.0222,0,0,0,4883
ndv_selectivity,medium_10_pct,false,false,full,4,0.0213,0,0,0,4883
ndv_selectivity,medium_20_pct,false,false,full,4,0.0160,0,0,0,4883
ndv_selectivity,medium_50_pct,false,false,full,4,0.0216,0,0,0,4883
ndv_selectivity,medium_90_pct,false,false,full,4,0.0218,0,0,0,4883
ndv_selectivity,high_1_pct,false,false,full,4,0.0168,71,0,0,660
ndv_selectivity,high_5_pct,false,false,full,4,0.0166,69,0,0,780
ndv_selectivity,high_10_pct,false,false,full,4,0.0161,65,0,0,1020
ndv_selectivity,high_20_pct,false,false,full,4,0.0162,57,0,0,1500
ndv_selectivity,high_50_pct,false,false,full,4,0.0210,31,0,0,3060
ndv_selectivity,high_90_pct,false,false,full,4,0.0198,1,0,0,4860
ndv_selectivity,low_1_pct,false,false,full,5,0.0269,0,0,0,4883
ndv_selectivity,low_5_pct,false,false,full,5,0.0277,0,0,0,4883
ndv_selectivity,low_10_pct,false,false,full,5,0.0171,0,0,0,4883
ndv_selectivity,low_20_pct,false,false,full,5,0.0249,0,0,0,4883
ndv_selectivity,low_50_pct,false,false,full,5,0.0222,0,0,0,4883
ndv_selectivity,low_90_pct,false,false,full,5,0.0227,0,0,0,4883
ndv_selectivity,medium_1_pct,false,false,full,5,0.0204,0,0,0,4883
ndv_selectivity,medium_5_pct,false,false,full,5,0.0232,0,0,0,4883
ndv_selectivity,medium_10_pct,false,false,full,5,0.0220,0,0,0,4883
ndv_selectivity,medium_20_pct,false,false,full,5,0.0217,0,0,0,4883
ndv_selectivity,medium_50_pct,false,false,full,5,0.0211,0,0,0,4883
ndv_selectivity,medium_90_pct,false,false,full,5,0.0225,0,0,0,4883
ndv_selectivity,high_1_pct,false,false,full,5,0.0159,71,0,0,660
ndv_selectivity,high_5_pct,false,false,full,5,0.0181,69,0,0,780
ndv_selectivity,high_10_pct,false,false,full,5,0.0164,65,0,0,1020
ndv_selectivity,high_20_pct,false,false,full,5,0.0168,57,0,0,1500
ndv_selectivity,high_50_pct,false,false,full,5,0.0146,31,0,0,3060
ndv_selectivity,high_90_pct,false,false,full,5,0.0180,1,0,0,4860
ndv_selectivity,low_1_pct,false,false,full,6,0.0236,0,0,0,4883
ndv_selectivity,low_5_pct,false,false,full,6,0.0243,0,0,0,4883
ndv_selectivity,low_10_pct,false,false,full,6,0.0251,0,0,0,4883
ndv_selectivity,low_20_pct,false,false,full,6,0.0234,0,0,0,4883
ndv_selectivity,low_50_pct,false,false,full,6,0.0267,0,0,0,4883
ndv_selectivity,low_90_pct,false,false,full,6,0.0252,0,0,0,4883
ndv_selectivity,medium_1_pct,false,false,full,6,0.0224,0,0,0,4883
ndv_selectivity,medium_5_pct,false,false,full,6,0.0215,0,0,0,4883
ndv_selectivity,medium_10_pct,false,false,full,6,0.0238,0,0,0,4883
ndv_selectivity,medium_20_pct,false,false,full,6,0.0221,0,0,0,4883
ndv_selectivity,medium_50_pct,false,false,full,6,0.0228,0,0,0,4883
ndv_selectivity,medium_90_pct,false,false,full,6,0.0162,0,0,0,4883
ndv_selectivity,high_1_pct,false,false,full,6,0.0163,71,0,0,660
ndv_selectivity,high_5_pct,false,false,full,6,0.0169,69,0,0,780
ndv_selectivity,high_10_pct,false,false,full,6,0.0120,65,0,0,1020
ndv_selectivity,high_20_pct,false,false,full,6,0.0166,57,0,0,1500
ndv_selectivity,high_50_pct,false,false,full,6,0.0194,31,0,0,3060
ndv_selectivity,high_90_pct,false,false,full,6,0.0200,1,0,0,4860
ndv_selectivity,low_1_pct,false,false,full,7,0.0260,0,0,0,4883
ndv_selectivity,low_5_pct,false,false,full,7,0.0227,0,0,0,4883
ndv_selectivity,low_10_pct,false,false,full,7,0.0248,0,0,0,4883
ndv_selectivity,low_20_pct,false,false,full,7,0.0248,0,0,0,4883
ndv_selectivity,low_50_pct,false,false,full,7,0.0260,0,0,0,4883
ndv_selectivity,low_90_pct,false,false,full,7,0.0246,0,0,0,4883
ndv_selectivity,medium_1_pct,false,false,full,7,0.0224,0,0,0,4883
ndv_selectivity,medium_5_pct,false,false,full,7,0.0225,0,0,0,4883
ndv_selectivity,medium_10_pct,false,false,full,7,0.0214,0,0,0,4883
ndv_selectivity,medium_20_pct,false,false,full,7,0.0208,0,0,0,4883
ndv_selectivity,medium_50_pct,false,false,full,7,0.0139,0,0,0,4883
ndv_selectivity,medium_90_pct,false,false,full,7,0.0211,0,0,0,4883
ndv_selectivity,high_1_pct,false,false,full,7,0.0164,71,0,0,660
ndv_selectivity,high_5_pct,false,false,full,7,0.0156,69,0,0,780
ndv_selectivity,high_10_pct,false,false,full,7,0.0171,65,0,0,1020
ndv_selectivity,high_20_pct,false,false,full,7,0.0161,57,0,0,1500
ndv_selectivity,high_50_pct,false,false,full,7,0.0183,31,0,0,3060
ndv_selectivity,high_90_pct,false,false,full,7,0.0217,1,0,0,4860
ndv_selectivity,low_1_pct,false,false,full,8,0.0230,0,0,0,4883
ndv_selectivity,low_5_pct,false,false,full,8,0.0295,0,0,0,4883
ndv_selectivity,low_10_pct,false,false,full,8,0.0245,0,0,0,4883
ndv_selectivity,low_20_pct,false,false,full,8,0.0275,0,0,0,4883
ndv_selectivity,low_50_pct,false,false,full,8,0.0202,0,0,0,4883
ndv_selectivity,low_90_pct,false,false,full,8,0.0226,0,0,0,4883
ndv_selectivity,medium_1_pct,false,false,full,8,0.0189,0,0,0,4883
ndv_selectivity,medium_5_pct,false,false,full,8,0.0156,0,0,0,4883
ndv_selectivity,medium_10_pct,false,false,full,8,0.0209,0,0,0,4883
ndv_selectivity,medium_20_pct,false,false,full,8,0.0170,0,0,0,4883
ndv_selectivity,medium_50_pct,false,false,full,8,0.0157,0,0,0,4883
ndv_selectivity,medium_90_pct,false,false,full,8,0.0222,0,0,0,4883
ndv_selectivity,high_1_pct,false,false,full,8,0.0154,71,0,0,660
ndv_selectivity,high_5_pct,false,false,full,8,0.0137,69,0,0,780
ndv_selectivity,high_10_pct,false,false,full,8,0.0125,65,0,0,1020
ndv_selectivity,high_20_pct,false,false,full,8,0.0120,57,0,0,1500
ndv_selectivity,high_50_pct,false,false,full,8,0.0150,31,0,0,3060
ndv_selectivity,high_90_pct,false,false,full,8,0.0194,1,0,0,4860
ndv_selectivity,low_1_pct,false,false,full,9,0.0230,0,0,0,4883
ndv_selectivity,low_5_pct,false,false,full,9,0.0189,0,0,0,4883
ndv_selectivity,low_10_pct,false,false,full,9,0.0219,0,0,0,4883
ndv_selectivity,low_20_pct,false,false,full,9,0.0209,0,0,0,4883
ndv_selectivity,low_50_pct,false,false,full,9,0.0267,0,0,0,4883
ndv_selectivity,low_90_pct,false,false,full,9,0.0183,0,0,0,4883
ndv_selectivity,medium_1_pct,false,false,full,9,0.0227,0,0,0,4883
ndv_selectivity,medium_5_pct,false,false,full,9,0.0213,0,0,0,4883
ndv_selectivity,medium_10_pct,false,false,full,9,0.0219,0,0,0,4883
ndv_selectivity,medium_20_pct,false,false,full,9,0.0193,0,0,0,4883
ndv_selectivity,medium_50_pct,false,false,full,9,0.0193,0,0,0,4883
ndv_selectivity,medium_90_pct,false,false,full,9,0.0165,0,0,0,4883
ndv_selectivity,high_1_pct,false,false,full,9,0.0151,71,0,0,660
ndv_selectivity,high_5_pct,false,false,full,9,0.0136,69,0,0,780
ndv_selectivity,high_10_pct,false,false,full,9,0.0125,65,0,0,1020
ndv_selectivity,high_20_pct,false,false,full,9,0.0193,57,0,0,1500
ndv_selectivity,high_50_pct,false,false,full,9,0.0180,31,0,0,3060
ndv_selectivity,high_90_pct,false,false,full,9,0.0166,1,0,0,4860
ndv_selectivity,low_1_pct,false,false,full,10,0.0277,0,0,0,4883
ndv_selectivity,low_5_pct,false,false,full,10,0.0225,0,0,0,4883
ndv_selectivity,low_10_pct,false,false,full,10,0.0209,0,0,0,4883
ndv_selectivity,low_20_pct,false,false,full,10,0.0230,0,0,0,4883
ndv_selectivity,low_50_pct,false,false,full,10,0.0197,0,0,0,4883
ndv_selectivity,low_90_pct,false,false,full,10,0.0238,0,0,0,4883
ndv_selectivity,medium_1_pct,false,false,full,10,0.0203,0,0,0,4883
ndv_selectivity,medium_5_pct,false,false,full,10,0.0216,0,0,0,4883
ndv_selectivity,medium_10_pct,false,false,full,10,0.0223,0,0,0,4883
ndv_selectivity,medium_20_pct,false,false,full,10,0.0167,0,0,0,4883
ndv_selectivity,medium_50_pct,false,false,full,10,0.0221,0,0,0,4883
ndv_selectivity,medium_90_pct,false,false,full,10,0.0195,0,0,0,4883
ndv_selectivity,high_1_pct,false,false,full,10,0.0105,71,0,0,660
ndv_selectivity,high_5_pct,false,false,full,10,0.0160,69,0,0,780
ndv_selectivity,high_10_pct,false,false,full,10,0.0128,65,0,0,1020
ndv_selectivity,high_20_pct,false,false,full,10,0.0131,57,0,0,1500
ndv_selectivity,high_50_pct,false,false,full,10,0.0130,31,0,0,3060
ndv_selectivity,high_90_pct,false,false,full,10,0.0146,1,0,0,4860
ndv_selectivity,low_1_pct,false,true,zonemap_only,1,0.0255,0,0,0,4883
ndv_selectivity,low_5_pct,false,true,zonemap_only,1,0.0298,0,0,0,4883
ndv_selectivity,low_10_pct,false,true,zonemap_only,1,0.0229,0,0,0,4883
ndv_selectivity,low_20_pct,false,true,zonemap_only,1,0.0223,0,0,0,4883
ndv_selectivity,low_50_pct,false,true,zonemap_only,1,0.0283,0,0,0,4883
ndv_selectivity,low_90_pct,false,true,zonemap_only,1,0.0223,0,0,0,4883
ndv_selectivity,medium_1_pct,false,true,zonemap_only,1,0.0196,0,0,0,4883
ndv_selectivity,medium_5_pct,false,true,zonemap_only,1,0.0178,0,0,0,4883
ndv_selectivity,medium_10_pct,false,true,zonemap_only,1,0.0163,0,0,0,4883
ndv_selectivity,medium_20_pct,false,true,zonemap_only,1,0.0235,0,0,0,4883
ndv_selectivity,medium_50_pct,false,true,zonemap_only,1,0.0192,0,0,0,4883
ndv_selectivity,medium_90_pct,false,true,zonemap_only,1,0.0150,0,0,0,4883
ndv_selectivity,high_1_pct,false,true,zonemap_only,1,0.0132,71,0,0,660
ndv_selectivity,high_5_pct,false,true,zonemap_only,1,0.0155,69,0,0,780
ndv_selectivity,high_10_pct,false,true,zonemap_only,1,0.0152,65,0,0,1020
ndv_selectivity,high_20_pct,false,true,zonemap_only,1,0.0144,57,0,0,1500
ndv_selectivity,high_50_pct,false,true,zonemap_only,1,0.0163,31,0,0,3060
ndv_selectivity,high_90_pct,false,true,zonemap_only,1,0.0131,1,0,0,4860
ndv_selectivity,low_1_pct,false,true,zonemap_only,2,0.0201,0,0,0,4883
ndv_selectivity,low_5_pct,false,true,zonemap_only,2,0.0183,0,0,0,4883
ndv_selectivity,low_10_pct,false,true,zonemap_only,2,0.0247,0,0,0,4883
ndv_selectivity,low_20_pct,false,true,zonemap_only,2,0.0232,0,0,0,4883
ndv_selectivity,low_50_pct,false,true,zonemap_only,2,0.0285,0,0,0,4883
ndv_selectivity,low_90_pct,false,true,zonemap_only,2,0.0246,0,0,0,4883
ndv_selectivity,medium_1_pct,false,true,zonemap_only,2,0.0213,0,0,0,4883
ndv_selectivity,medium_5_pct,false,true,zonemap_only,2,0.0212,0,0,0,4883
ndv_selectivity,medium_10_pct,false,true,zonemap_only,2,0.0195,0,0,0,4883
ndv_selectivity,medium_20_pct,false,true,zonemap_only,2,0.0218,0,0,0,4883
ndv_selectivity,medium_50_pct,false,true,zonemap_only,2,0.0160,0,0,0,4883
ndv_selectivity,medium_90_pct,false,true,zonemap_only,2,0.0159,0,0,0,4883
ndv_selectivity,high_1_pct,false,true,zonemap_only,2,0.0147,71,0,0,660
ndv_selectivity,high_5_pct,false,true,zonemap_only,2,0.0091,69,0,0,780
ndv_selectivity,high_10_pct,false,true,zonemap_only,2,0.0152,65,0,0,1020
ndv_selectivity,high_20_pct,false,true,zonemap_only,2,0.0134,57,0,0,1500
ndv_selectivity,high_50_pct,false,true,zonemap_only,2,0.0112,31,0,0,3060
ndv_selectivity,high_90_pct,false,true,zonemap_only,2,0.0188,1,0,0,4860
ndv_selectivity,low_1_pct,false,true,zonemap_only,3,0.0208,0,0,0,4883
ndv_selectivity,low_5_pct,false,true,zonemap_only,3,0.0202,0,0,0,4883
ndv_selectivity,low_10_pct,false,true,zonemap_only,3,0.0188,0,0,0,4883
ndv_selectivity,low_20_pct,false,true,zonemap_only,3,0.0252,0,0,0,4883
ndv_selectivity,low_50_pct,false,true,zonemap_only,3,0.0200,0,0,0,4883
ndv_selectivity,low_90_pct,false,true,zonemap_only,3,0.0235,0,0,0,4883
ndv_selectivity,medium_1_pct,false,true,zonemap_only,3,0.0193,0,0,0,4883
ndv_selectivity,medium_5_pct,false,true,zonemap_only,3,0.0152,0,0,0,4883
ndv_selectivity,medium_10_pct,false,true,zonemap_only,3,0.0138,0,0,0,4883
ndv_selectivity,medium_20_pct,false,true,zonemap_only,3,0.0159,0,0,0,4883
ndv_selectivity,medium_50_pct,false,true,zonemap_only,3,0.0152,0,0,0,4883
ndv_selectivity,medium_90_pct,false,true,zonemap_only,3,0.0141,0,0,0,4883
ndv_selectivity,high_1_pct,false,true,zonemap_only,3,0.0119,71,0,0,660
ndv_selectivity,high_5_pct,false,true,zonemap_only,3,0.0126,69,0,0,780
ndv_selectivity,high_10_pct,false,true,zonemap_only,3,0.0091,65,0,0,1020
ndv_selectivity,high_20_pct,false,true,zonemap_only,3,0.0095,57,0,0,1500
ndv_selectivity,high_50_pct,false,true,zonemap_only,3,0.0105,31,0,0,3060
ndv_selectivity,high_90_pct,false,true,zonemap_only,3,0.0102,1,0,0,4860
ndv_selectivity,low_1_pct,false,true,zonemap_only,4,0.0203,0,0,0,4883
ndv_selectivity,low_5_pct,false,true,zonemap_only,4,0.0182,0,0,0,4883
ndv_selectivity,low_10_pct,false,true,zonemap_only,4,0.0179,0,0,0,4883
ndv_selectivity,low_20_pct,false,true,zonemap_only,4,0.0190,0,0,0,4883
ndv_selectivity,low_50_pct,false,true,zonemap_only,4,0.0190,0,0,0,4883
ndv_selectivity,low_90_pct,false,true,zonemap_only,4,0.0376,0,0,0,4883
ndv_selectivity,medium_1_pct,false,true,zonemap_only,4,0.0134,0,0,0,4883
ndv_selectivity,medium_5_pct,false,true,zonemap_only,4,0.0146,0,0,0,4883
ndv_selectivity,medium_10_pct,false,true,zonemap_only,4,0.0120,0,0,0,4883
ndv_selectivity,medium_20_pct,false,true,zonemap_only,4,0.0134,0,0,0,4883
ndv_selectivity,medium_50_pct,false,true,zonemap_only,4,0.0140,0,0,0,4883
ndv_selectivity,medium_90_pct,false,true,zonemap_only,4,0.0152,0,0,0,4883
ndv_selectivity,high_1_pct,false,true,zonemap_only,4,0.0124,71,0,0,660
ndv_selectivity,high_5_pct,false,true,zonemap_only,4,0.0111,69,0,0,780
ndv_selectivity,high_10_pct,false,true,zonemap_only,4,0.0120,65,0,0,1020
ndv_selectivity,high_20_pct,false,true,zonemap_only,4,0.0102,57,0,0,1500
ndv_selectivity,high_50_pct,false,true,zonemap_only,4,0.0106,31,0,0,3060
ndv_selectivity,high_90_pct,false,true,zonemap_only,4,0.0167,1,0,0,4860
ndv_selectivity,low_1_pct,false,true,zonemap_only,5,0.0208,0,0,0,4883
ndv_selectivity,low_5_pct,false,true,zonemap_only,5,0.0192,0,0,0,4883
ndv_selectivity,low_10_pct,false,true,zonemap_only,5,0.0203,0,0,0,4883
ndv_selectivity,low_20_pct,false,true,zonemap_only,5,0.0190,0,0,0,4883
ndv_selectivity,low_50_pct,false,true,zonemap_only,5,0.0179,0,0,0,4883
ndv_selectivity,low_90_pct,false,true,zonemap_only,5,0.0197,0,0,0,4883
ndv_selectivity,medium_1_pct,false,true,zonemap_only,5,0.0143,0,0,0,4883
ndv_selectivity,medium_5_pct,false,true,zonemap_only,5,0.0139,0,0,0,4883
ndv_selectivity,medium_10_pct,false,true,zonemap_only,5,0.0145,0,0,0,4883
ndv_selectivity,medium_20_pct,false,true,zonemap_only,5,0.0154,0,0,0,4883
ndv_selectivity,medium_50_pct,false,true,zonemap_only,5,0.0149,0,0,0,4883
ndv_selectivity,medium_90_pct,false,true,zonemap_only,5,0.0161,0,0,0,4883
ndv_selectivity,high_1_pct,false,true,zonemap_only,5,0.0131,71,0,0,660
ndv_selectivity,high_5_pct,false,true,zonemap_only,5,0.0103,69,0,0,780
ndv_selectivity,high_10_pct,false,true,zonemap_only,5,0.0132,65,0,0,1020
ndv_selectivity,high_20_pct,false,true,zonemap_only,5,0.0111,57,0,0,1500
ndv_selectivity,high_50_pct,false,true,zonemap_only,5,0.0107,31,0,0,3060
ndv_selectivity,high_90_pct,false,true,zonemap_only,5,0.0126,1,0,0,4860
ndv_selectivity,low_1_pct,false,true,zonemap_only,6,0.0183,0,0,0,4883
ndv_selectivity,low_5_pct,false,true,zonemap_only,6,0.0224,0,0,0,4883
ndv_selectivity,low_10_pct,false,true,zonemap_only,6,0.0173,0,0,0,4883
ndv_selectivity,low_20_pct,false,true,zonemap_only,6,0.0229,0,0,0,4883
ndv_selectivity,low_50_pct,false,true,zonemap_only,6,0.0198,0,0,0,4883
ndv_selectivity,low_90_pct,false,true,zonemap_only,6,0.0245,0,0,0,4883
ndv_selectivity,medium_1_pct,false,true,zonemap_only,6,0.0188,0,0,0,4883
ndv_selectivity,medium_5_pct,false,true,zonemap_only,6,0.0209,0,0,0,4883
ndv_selectivity,medium_10_pct,false,true,zonemap_only,6,0.0189,0,0,0,4883
ndv_selectivity,medium_20_pct,false,true,zonemap_only,6,0.0181,0,0,0,4883
ndv_selectivity,medium_50_pct,false,true,zonemap_only,6,0.0175,0,0,0,4883
ndv_selectivity,medium_90_pct,false,true,zonemap_only,6,0.0162,0,0,0,4883
ndv_selectivity,high_1_pct,false,true,zonemap_only,6,0.0127,71,0,0,660
ndv_selectivity,high_5_pct,false,true,zonemap_only,6,0.0109,69,0,0,780
ndv_selectivity,high_10_pct,false,true,zonemap_only,6,0.0157,65,0,0,1020
ndv_selectivity,high_20_pct,false,true,zonemap_only,6,0.0132,57,0,0,1500
ndv_selectivity,high_50_pct,false,true,zonemap_only,6,0.0140,31,0,0,3060
ndv_selectivity,high_90_pct,false,true,zonemap_only,6,0.0175,1,0,0,4860
ndv_selectivity,low_1_pct,false,true,zonemap_only,7,0.0220,0,0,0,4883
ndv_selectivity,low_5_pct,false,true,zonemap_only,7,0.0274,0,0,0,4883
ndv_selectivity,low_10_pct,false,true,zonemap_only,7,0.0216,0,0,0,4883
ndv_selectivity,low_20_pct,false,true,zonemap_only,7,0.0253,0,0,0,4883
ndv_selectivity,low_50_pct,false,true,zonemap_only,7,0.0252,0,0,0,4883
ndv_selectivity,low_90_pct,false,true,zonemap_only,7,0.0211,0,0,0,4883
ndv_selectivity,medium_1_pct,false,true,zonemap_only,7,0.0217,0,0,0,4883
ndv_selectivity,medium_5_pct,false,true,zonemap_only,7,0.0204,0,0,0,4883
ndv_selectivity,medium_10_pct,false,true,zonemap_only,7,0.0200,0,0,0,4883
ndv_selectivity,medium_20_pct,false,true,zonemap_only,7,0.0193,0,0,0,4883
ndv_selectivity,medium_50_pct,false,true,zonemap_only,7,0.0203,0,0,0,4883
ndv_selectivity,medium_90_pct,false,true,zonemap_only,7,0.0153,0,0,0,4883
ndv_selectivity,high_1_pct,false,true,zonemap_only,7,0.0161,71,0,0,660
ndv_selectivity,high_5_pct,false,true,zonemap_only,7,0.0105,69,0,0,780
ndv_selectivity,high_10_pct,false,true,zonemap_only,7,0.0138,65,0,0,1020
ndv_selectivity,high_20_pct,false,true,zonemap_only,7,0.0130,57,0,0,1500
ndv_selectivity,high_50_pct,false,true,zonemap_only,7,0.0131,31,0,0,3060
ndv_selectivity,high_90_pct,false,true,zonemap_only,7,0.0206,1,0,0,4860
ndv_selectivity,low_1_pct,false,true,zonemap_only,8,0.0216,0,0,0,4883
ndv_selectivity,low_5_pct,false,true,zonemap_only,8,0.0216,0,0,0,4883
ndv_selectivity,low_10_pct,false,true,zonemap_only,8,0.0188,0,0,0,4883
ndv_selectivity,low_20_pct,false,true,zonemap_only,8,0.0188,0,0,0,4883
ndv_selectivity,low_50_pct,false,true,zonemap_only,8,0.0224,0,0,0,4883
ndv_selectivity,low_90_pct,false,true,zonemap_only,8,0.0237,0,0,0,4883
ndv_selectivity,medium_1_pct,false,true,zonemap_only,8,0.0129,0,0,0,4883
ndv_selectivity,medium_5_pct,false,true,zonemap_only,8,0.0212,0,0,0,4883
ndv_selectivity,medium_10_pct,false,true,zonemap_only,8,0.0204,0,0,0,4883
ndv_selectivity,medium_20_pct,false,true,zonemap_only,8,0.0219,0,0,0,4883
ndv_selectivity,medium_50_pct,false,true,zonemap_only,8,0.0234,0,0,0,4883
ndv_selectivity,medium_90_pct,false,true,zonemap_only,8,0.0211,0,0,0,4883
ndv_selectivity,high_1_pct,false,true,zonemap_only,8,0.0166,71,0,0,660
ndv_selectivity,high_5_pct,false,true,zonemap_only,8,0.0160,69,0,0,780
ndv_selectivity,high_10_pct,false,true,zonemap_only,8,0.0124,65,0,0,1020
ndv_selectivity,high_20_pct,false,true,zonemap_only,8,0.0182,57,0,0,1500
ndv_selectivity,high_50_pct,false,true,zonemap_only,8,0.0194,31,0,0,3060
ndv_selectivity,high_90_pct,false,true,zonemap_only,8,0.0138,1,0,0,4860
ndv_selectivity,low_1_pct,false,true,zonemap_only,9,0.0257,0,0,0,4883
ndv_selectivity,low_5_pct,false,true,zonemap_only,9,0.0238,0,0,0,4883
ndv_selectivity,low_10_pct,false,true,zonemap_only,9,0.0221,0,0,0,4883
ndv_selectivity,low_20_pct,false,true,zonemap_only,9,0.0203,0,0,0,4883
ndv_selectivity,low_50_pct,false,true,zonemap_only,9,0.0176,0,0,0,4883
ndv_selectivity,low_90_pct,false,true,zonemap_only,9,0.0253,0,0,0,4883
ndv_selectivity,medium_1_pct,false,true,zonemap_only,9,0.0176,0,0,0,4883
ndv_selectivity,medium_5_pct,false,true,zonemap_only,9,0.0186,0,0,0,4883
ndv_selectivity,medium_10_pct,false,true,zonemap_only,9,0.0237,0,0,0,4883
ndv_selectivity,medium_20_pct,false,true,zonemap_only,9,0.0201,0,0,0,4883
ndv_selectivity,medium_50_pct,false,true,zonemap_only,9,0.0223,0,0,0,4883
ndv_selectivity,medium_90_pct,false,true,zonemap_only,9,0.0182,0,0,0,4883
ndv_selectivity,high_1_pct,false,true,zonemap_only,9,0.0127,71,0,0,660
ndv_selectivity,high_5_pct,false,true,zonemap_only,9,0.0154,69,0,0,780
ndv_selectivity,high_10_pct,false,true,zonemap_only,9,0.0089,65,0,0,1020
ndv_selectivity,high_20_pct,false,true,zonemap_only,9,0.0166,57,0,0,1500
ndv_selectivity,high_50_pct,false,true,zonemap_only,9,0.0122,31,0,0,3060
ndv_selectivity,high_90_pct,false,true,zonemap_only,9,0.0208,1,0,0,4860
ndv_selectivity,low_1_pct,false,true,zonemap_only,10,0.0191,0,0,0,4883
ndv_selectivity,low_5_pct,false,true,zonemap_only,10,0.0262,0,0,0,4883
ndv_selectivity,low_10_pct,false,true,zonemap_only,10,0.0220,0,0,0,4883
ndv_selectivity,low_20_pct,false,true,zonemap_only,10,0.0217,0,0,0,4883
ndv_selectivity,low_50_pct,false,true,zonemap_only,10,0.0245,0,0,0,4883
ndv_selectivity,low_90_pct,false,true,zonemap_only,10,0.0249,0,0,0,4883
ndv_selectivity,medium_1_pct,false,true,zonemap_only,10,0.0205,0,0,0,4883
ndv_selectivity,medium_5_pct,false,true,zonemap_only,10,0.0191,0,0,0,4883
ndv_selectivity,medium_10_pct,false,true,zonemap_only,10,0.0218,0,0,0,4883
ndv_selectivity,medium_20_pct,false,true,zonemap_only,10,0.0218,0,0,0,4883
ndv_selectivity,medium_50_pct,false,true,zonemap_only,10,0.0218,0,0,0,4883
ndv_selectivity,medium_90_pct,false,true,zonemap_only,10,0.0236,0,0,0,4883
ndv_selectivity,high_1_pct,false,true,zonemap_only,10,0.0113,71,0,0,660
ndv_selectivity,high_5_pct,false,true,zonemap_only,10,0.0125,69,0,0,780
ndv_selectivity,high_10_pct,false,true,zonemap_only,10,0.0165,65,0,0,1020
ndv_selectivity,high_20_pct,false,true,zonemap_only,10,0.0176,57,0,0,1500
ndv_selectivity,high_50_pct,false,true,zonemap_only,10,0.0183,31,0,0,3060
ndv_selectivity,high_90_pct,false,true,zonemap_only,10,0.0214,1,0,0,4860
ndv_selectivity,low_1_pct,true,false,sketch_only,1,0.0252,0,0,0,4883
ndv_selectivity,low_5_pct,true,false,sketch_only,1,0.0201,0,0,0,4883
ndv_selectivity,low_10_pct,true,false,sketch_only,1,0.0235,0,0,0,4883
ndv_selectivity,low_20_pct,true,false,sketch_only,1,0.0241,0,0,0,4883
ndv_selectivity,low_50_pct,true,false,sketch_only,1,0.0226,0,0,0,4883
ndv_selectivity,low_90_pct,true,false,sketch_only,1,0.0235,0,0,0,4883
ndv_selectivity,medium_1_pct,true,false,sketch_only,1,0.0171,0,0,0,4883
ndv_selectivity,medium_5_pct,true,false,sketch_only,1,0.0133,0,0,0,4883
ndv_selectivity,medium_10_pct,true,false,sketch_only,1,0.0181,0,0,0,4883
ndv_selectivity,medium_20_pct,true,false,sketch_only,1,0.0171,0,0,0,4883
ndv_selectivity,medium_50_pct,true,false,sketch_only,1,0.0206,0,0,0,4883
ndv_selectivity,medium_90_pct,true,false,sketch_only,1,0.0217,0,0,0,4883
ndv_selectivity,high_1_pct,true,false,sketch_only,1,0.0166,70,0,0,720
ndv_selectivity,high_5_pct,true,false,sketch_only,1,0.0132,66,0,0,923
ndv_selectivity,high_10_pct,true,false,sketch_only,1,0.0156,62,0,0,1200
ndv_selectivity,high_20_pct,true,false,sketch_only,1,0.0193,46,0,0,2160
ndv_selectivity,high_50_pct,true,false,sketch_only,1,0.0158,18,0,0,3803
ndv_selectivity,high_90_pct,true,false,sketch_only,1,0.0196,0,0,0,4883
ndv_selectivity,low_1_pct,true,false,sketch_only,2,0.0282,0,0,0,4883
ndv_selectivity,low_5_pct,true,false,sketch_only,2,0.0229,0,0,0,4883
ndv_selectivity,low_10_pct,true,false,sketch_only,2,0.0252,0,0,0,4883
ndv_selectivity,low_20_pct,true,false,sketch_only,2,0.0280,0,0,0,4883
ndv_selectivity,low_50_pct,true,false,sketch_only,2,0.0247,0,0,0,4883
ndv_selectivity,low_90_pct,true,false,sketch_only,2,0.0217,0,0,0,4883
ndv_selectivity,medium_1_pct,true,false,sketch_only,2,0.0231,0,0,0,4883
ndv_selectivity,medium_5_pct,true,false,sketch_only,2,0.0147,0,0,0,4883
ndv_selectivity,medium_10_pct,true,false,sketch_only,2,0.0230,0,0,0,4883
ndv_selectivity,medium_20_pct,true,false,sketch_only,2,0.0136,0,0,0,4883
ndv_selectivity,medium_50_pct,true,false,sketch_only,2,0.0126,0,0,0,4883
ndv_selectivity,medium_90_pct,true,false,sketch_only,2,0.0147,0,0,0,4883
ndv_selectivity,high_1_pct,true,false,sketch_only,2,0.0108,71,0,0,660
ndv_selectivity,high_5_pct,true,false,sketch_only,2,0.0105,67,0,0,900
ndv_selectivity,high_10_pct,true,false,sketch_only,2,0.0104,65,0,0,1020
ndv_selectivity,high_20_pct,true,false,sketch_only,2,0.0117,56,0,0,1523
ndv_selectivity,high_50_pct,true,false,sketch_only,2,0.0152,16,0,0,3923
ndv_selectivity,high_90_pct,true,false,sketch_only,2,0.0195,0,0,0,4883
ndv_selectivity,low_1_pct,true,false,sketch_only,3,0.0207,0,0,0,4883
ndv_selectivity,low_5_pct,true,false,sketch_only,3,0.0264,0,0,0,4883
ndv_selectivity,low_10_pct,true,false,sketch_only,3,0.0239,0,0,0,4883
ndv_selectivity,low_20_pct,true,false,sketch_only,3,0.0239,0,0,0,4883
ndv_selectivity,low_50_pct,true,false,sketch_only,3,0.0197,0,0,0,4883
ndv_selectivity,low_90_pct,true,false,sketch_only,3,0.0211,0,0,0,4883
ndv_selectivity,medium_1_pct,true,false,sketch_only,3,0.0149,0,0,0,4883
ndv_selectivity,medium_5_pct,true,false,sketch_only,3,0.0197,0,0,0,4883
ndv_selectivity,medium_10_pct,true,false,sketch_only,3,0.0157,0,0,0,4883
ndv_selectivity,medium_20_pct,true,false,sketch_only,3,0.0163,0,0,0,4883
ndv_selectivity,medium_50_pct,true,false,sketch_only,3,0.0177,0,0,0,4883
ndv_selectivity,medium_90_pct,true,false,sketch_only,3,0.0208,0,0,0,4883
ndv_selectivity,high_1_pct,true,false,sketch_only,3,0.0129,71,0,0,660
ndv_selectivity,high_5_pct,true,false,sketch_only,3,0.0163,69,0,0,780
ndv_selectivity,high_10_pct,true,false,sketch_only,3,0.0176,62,0,0,1200
ndv_selectivity,high_20_pct,true,false,sketch_only,3,0.0157,49,0,0,1943
ndv_selectivity,high_50_pct,true,false,sketch_only,3,0.0194,18,0,0,3803
ndv_selectivity,high_90_pct,true,false,sketch_only,3,0.0209,0,0,0,4883
ndv_selectivity,low_1_pct,true,false,sketch_only,4,0.0219,0,0,0,4883
ndv_selectivity,low_5_pct,true,false,sketch_only,4,0.0248,0,0,0,4883
ndv_selectivity,low_10_pct,true,false,sketch_only,4,0.0207,0,0,0,4883
ndv_selectivity,low_20_pct,true,false,sketch_only,4,0.0221,0,0,0,4883
ndv_selectivity,low_50_pct,true,false,sketch_only,4,0.0255,0,0,0,4883
ndv_selectivity,low_90_pct,true,false,sketch_only,4,0.0194,0,0,0,4883
ndv_selectivity,medium_1_pct,true,false,sketch_only,4,0.0207,0,0,0,4883
ndv_selectivity,medium_5_pct,true,false,sketch_only,4,0.0198,0,0,0,4883
ndv_selectivity,medium_10_pct,true,false,sketch_only,4,0.0217,0,0,0,4883
ndv_selectivity,medium_20_pct,true,false,sketch_only,4,0.0228,0,0,0,4883
ndv_selectivity,medium_50_pct,true,false,sketch_only,4,0.0219,0,0,0,4883
ndv_selectivity,medium_90_pct,true,false,sketch_only,4,0.0210,0,0,0,4883
ndv_selectivity,high_1_pct,true,false,sketch_only,4,0.0232,29,0,0,3180
ndv_selectivity,high_5_pct,true,false,sketch_only,4,0.0163,69,0,0,780
ndv_selectivity,high_10_pct,true,false,sketch_only,4,0.0153,61,0,0,1260
ndv_selectivity,high_20_pct,true,false,sketch_only,4,0.0166,51,0,0,1860
ndv_selectivity,high_50_pct,true,false,sketch_only,4,0.0169,18,0,0,3803
ndv_selectivity,high_90_pct,true,false,sketch_only,4,0.0160,0,0,0,4883
ndv_selectivity,low_1_pct,true,false,sketch_only,5,0.0251,0,0,0,4883
ndv_selectivity,low_5_pct,true,false,sketch_only,5,0.0249,0,0,0,4883
ndv_selectivity,low_10_pct,true,false,sketch_only,5,0.0234,0,0,0,4883
ndv_selectivity,low_20_pct,true,false,sketch_only,5,0.0228,0,0,0,4883
ndv_selectivity,low_50_pct,true,false,sketch_only,5,0.0235,0,0,0,4883
ndv_selectivity,low_90_pct,true,false,sketch_only,5,0.0271,0,0,0,4883
ndv_selectivity,medium_1_pct,true,false,sketch_only,5,0.0218,0,0,0,4883
ndv_selectivity,medium_5_pct,true,false,sketch_only,5,0.0208,0,0,0,4883
ndv_selectivity,medium_10_pct,true,false,sketch_only,5,0.0199,0,0,0,4883
ndv_selectivity,medium_20_pct,true,false,sketch_only,5,0.0217,0,0,0,4883
ndv_selectivity,medium_50_pct,true,false,sketch_only,5,0.0201,0,0,0,4883
ndv_selectivity,medium_90_pct,true,false,sketch_only,5,0.0217,0,0,0,4883
ndv_selectivity,high_1_pct,true,false,sketch_only,5,0.0153,69,0,0,780
ndv_selectivity,high_5_pct,true,false,sketch_only,5,0.0145,69,0,0,780
ndv_selectivity,high_10_pct,true,false,sketch_only,5,0.0166,65,0,0,1020
ndv_selectivity,high_20_pct,true,false,sketch_only,5,0.0154,54,0,0,1680
ndv_selectivity,high_50_pct,true,false,sketch_only,5,0.0159,18,0,0,3803
ndv_selectivity,high_90_pct,true,false,sketch_only,5,0.0188,0,0,0,4883
ndv_selectivity,low_1_pct,true,false,sketch_only,6,0.0226,0,0,0,4883
ndv_selectivity,low_5_pct,true,false,sketch_only,6,0.0241,0,0,0,4883
ndv_selectivity,low_10_pct,true,false,sketch_only,6,0.0242,0,0,0,4883
ndv_selectivity,low_20_pct,true,false,sketch_only,6,0.0223,0,0,0,4883
ndv_selectivity,low_50_pct,true,false,sketch_only,6,0.0239,0,0,0,4883
ndv_selectivity,low_90_pct,true,false,sketch_only,6,0.0224,0,0,0,4883
ndv_selectivity,medium_1_pct,true,false,sketch_only,6,0.0207,0,0,0,4883
ndv_selectivity,medium_5_pct,true,false,sketch_only,6,0.0198,0,0,0,4883
ndv_selectivity,medium_10_pct,true,false,sketch_only,6,0.0170,0,0,0,4883
ndv_selectivity,medium_20_pct,true,false,sketch_only,6,0.0172,0,0,0,4883
ndv_selectivity,medium_50_pct,true,false,sketch_only,6,0.0220,0,0,0,4883
ndv_selectivity,medium_90_pct,true,false,sketch_only,6,0.0214,0,0,0,4883
ndv_selectivity,high_1_pct,true,false,sketch_only,6,0.0158,71,0,0,660
ndv_selectivity,high_5_pct,true,false,sketch_only,6,0.0168,67,0,0,900
ndv_selectivity,high_10_pct,true,false,sketch_only,6,0.0163,60,0,0,1320
ndv_selectivity,high_20_pct,true,false,sketch_only,6,0.0166,54,0,0,1643
ndv_selectivity,high_50_pct,true,false,sketch_only,6,0.0178,18,0,0,3803
ndv_selectivity,high_90_pct,true,false,sketch_only,6,0.0195,0,0,0,4883
ndv_selectivity,low_1_pct,true,false,sketch_only,7,0.0267,0,0,0,4883
ndv_selectivity,low_5_pct,true,false,sketch_only,7,0.0248,0,0,0,4883
ndv_selectivity,low_10_pct,true,false,sketch_only,7,0.0235,0,0,0,4883
ndv_selectivity,low_20_pct,true,false,sketch_only,7,0.0240,0,0,0,4883
ndv_selectivity,low_50_pct,true,false,sketch_only,7,0.0269,0,0,0,4883
ndv_selectivity,low_90_pct,true,false,sketch_only,7,0.0261,0,0,0,4883
ndv_selectivity,medium_1_pct,true,false,sketch_only,7,0.0199,0,0,0,4883
ndv_selectivity,medium_5_pct,true,false,sketch_only,7,0.0192,0,0,0,4883
ndv_selectivity,medium_10_pct,true,false,sketch_only,7,0.0198,0,0,0,4883
ndv_selectivity,medium_20_pct,true,false,sketch_only,7,0.0207,0,0,0,4883
ndv_selectivity,medium_50_pct,true,false,sketch_only,7,0.0204,0,0,0,4883
ndv_selectivity,medium_90_pct,true,false,sketch_only,7,0.0207,0,0,0,4883
ndv_selectivity,high_1_pct,true,false,sketch_only,7,0.0175,68,0,0,840
ndv_selectivity,high_5_pct,true,false,sketch_only,7,0.0156,68,0,0,840
ndv_selectivity,high_10_pct,true,false,sketch_only,7,0.0172,65,0,0,1020
ndv_selectivity,high_20_pct,true,false,sketch_only,7,0.0161,51,0,0,1860
ndv_selectivity,high_50_pct,true,false,sketch_only,7,0.0167,18,0,0,3803
ndv_selectivity,high_90_pct,true,false,sketch_only,7,0.0188,0,0,0,4883
ndv_selectivity,low_1_pct,true,false,sketch_only,8,0.0254,0,0,0,4883
ndv_selectivity,low_5_pct,true,false,sketch_only,8,0.0226,0,0,0,4883
ndv_selectivity,low_10_pct,true,false,sketch_only,8,0.0203,0,0,0,4883
ndv_selectivity,low_20_pct,true,false,sketch_only,8,0.0232,0,0,0,4883
ndv_selectivity,low_50_pct,true,false,sketch_only,8,0.0257,0,0,0,4883
ndv_selectivity,low_90_pct,true,false,sketch_only,8,0.0271,0,0,0,4883
ndv_selectivity,medium_1_pct,true,false,sketch_only,8,0.0227,0,0,0,4883
ndv_selectivity,medium_5_pct,true,false,sketch_only,8,0.0205,0,0,0,4883
ndv_selectivity,medium_10_pct,true,false,sketch_only,8,0.0204,0,0,0,4883
ndv_selectivity,medium_20_pct,true,false,sketch_only,8,0.0203,0,0,0,4883
ndv_selectivity,medium_50_pct,true,false,sketch_only,8,0.0223,0,0,0,4883
ndv_selectivity,medium_90_pct,true,false,sketch_only,8,0.0229,0,0,0,4883
ndv_selectivity,high_1_pct,true,false,sketch_only,8,0.0142,71,0,0,660
ndv_selectivity,high_5_pct,true,false,sketch_only,8,0.0252,55,0,0,1583
ndv_selectivity,high_10_pct,true,false,sketch_only,8,0.0157,63,0,0,1140
ndv_selectivity,high_20_pct,true,false,sketch_only,8,0.0152,51,0,0,1860
ndv_selectivity,high_50_pct,true,false,sketch_only,8,0.0208,18,0,0,3803
ndv_selectivity,high_90_pct,true,false,sketch_only,8,0.0161,0,0,0,4883
ndv_selectivity,low_1_pct,true,false,sketch_only,9,0.0180,0,0,0,4883
ndv_selectivity,low_5_pct,true,false,sketch_only,9,0.0236,0,0,0,4883
ndv_selectivity,low_10_pct,true,false,sketch_only,9,0.0252,0,0,0,4883
ndv_selectivity,low_20_pct,true,false,sketch_only,9,0.0202,0,0,0,4883
ndv_selectivity,low_50_pct,true,false,sketch_only,9,0.0215,0,0,0,4883
ndv_selectivity,low_90_pct,true,false,sketch_only,9,0.0239,0,0,0,4883
ndv_selectivity,medium_1_pct,true,false,sketch_only,9,0.0165,0,0,0,4883
ndv_selectivity,medium_5_pct,true,false,sketch_only,9,0.0195,0,0,0,4883
ndv_selectivity,medium_10_pct,true,false,sketch_only,9,0.0230,0,0,0,4883
ndv_selectivity,medium_20_pct,true,false,sketch_only,9,0.0251,0,0,0,4883
ndv_selectivity,medium_50_pct,true,false,sketch_only,9,0.0217,0,0,0,4883
ndv_selectivity,medium_90_pct,true,false,sketch_only,9,0.0234,0,0,0,4883
ndv_selectivity,high_1_pct,true,false,sketch_only,9,0.0111,70,0,0,720
ndv_selectivity,high_5_pct,true,false,sketch_only,9,0.0213,68,0,0,840
ndv_selectivity,high_10_pct,true,false,sketch_only,9,0.0169,65,0,0,1020
ndv_selectivity,high_20_pct,true,false,sketch_only,9,0.0127,46,0,0,2160
ndv_selectivity,high_50_pct,true,false,sketch_only,9,0.0198,18,0,0,3803
ndv_selectivity,high_90_pct,true,false,sketch_only,9,0.0165,0,0,0,4883
ndv_selectivity,low_1_pct,true,false,sketch_only,10,0.0194,0,0,0,4883
ndv_selectivity,low_5_pct,true,false,sketch_only,10,0.0229,0,0,0,4883
ndv_selectivity,low_10_pct,true,false,sketch_only,10,0.0232,0,0,0,4883
ndv_selectivity,low_20_pct,true,false,sketch_only,10,0.0261,0,0,0,4883
ndv_selectivity,low_50_pct,true,false,sketch_only,10,0.0238,0,0,0,4883
ndv_selectivity,low_90_pct,true,false,sketch_only,10,0.0209,0,0,0,4883
ndv_selectivity,medium_1_pct,true,false,sketch_only,10,0.0210,0,0,0,4883
ndv_selectivity,medium_5_pct,true,false,sketch_only,10,0.0200,0,0,0,4883
ndv_selectivity,medium_10_pct,true,false,sketch_only,10,0.0160,0,0,0,4883
ndv_selectivity,medium_20_pct,true,false,sketch_only,10,0.0191,0,0,0,4883
ndv_selectivity,medium_50_pct,true,false,sketch_only,10,0.0227,0,0,0,4883
ndv_selectivity,medium_90_pct,true,false,sketch_only,10,0.0187,0,0,0,4883
ndv_selectivity,high_1_pct,true,false,sketch_only,10,0.0141,70,0,0,720
ndv_selectivity,high_5_pct,true,false,sketch_only,10,0.0149,68,0,0,840
ndv_selectivity,high_10_pct,true,false,sketch_only,10,0.0160,65,0,0,1020
ndv_selectivity,high_20_pct,true,false,sketch_only,10,0.0183,57,0,0,1500
ndv_selectivity,high_50_pct,true,false,sketch_only,10,0.0193,18,0,0,3803
ndv_selectivity,high_90_pct,true,false,sketch_only,10,0.0182,0,0,0,4883
ndv_selectivity,low_1_pct,true,true,none,1,0.0278,0,0,0,4883
ndv_selectivity,low_5_pct,true,true,none,1,0.0226,0,0,0,4883
ndv_selectivity,low_10_pct,true,true,none,1,0.0221,0,0,0,4883
ndv_selectivity,low_20_pct,true,true,none,1,0.0241,0,0,0,4883
ndv_selectivity,low_50_pct,true,true,none,1,0.0217,0,0,0,4883
ndv_selectivity,low_90_pct,true,true,none,1,0.0228,0,0,0,4883
ndv_selectivity,medium_1_pct,true,true,none,1,0.0222,0,0,0,4883
ndv_selectivity,medium_5_pct,true,true,none,1,0.0207,0,0,0,4883
ndv_selectivity,medium_10_pct,true,true,none,1,0.0214,0,0,0,4883
ndv_selectivity,medium_20_pct,true,true,none,1,0.0206,0,0,0,4883
ndv_selectivity,medium_50_pct,true,true,none,1,0.0211,0,0,0,4883
ndv_selectivity,medium_90_pct,true,true,none,1,0.0206,0,0,0,4883
ndv_selectivity,high_1_pct,true,true,none,1,0.0173,71,0,0,660
ndv_selectivity,high_5_pct,true,true,none,1,0.0156,69,0,0,780
ndv_selectivity,high_10_pct,true,true,none,1,0.0150,58,0,0,1440
ndv_selectivity,high_20_pct,true,true,none,1,0.0171,51,0,0,1860
ndv_selectivity,high_50_pct,true,true,none,1,0.0147,16,0,0,3923
ndv_selectivity,high_90_pct,true,true,none,1,0.0130,0,0,0,4883
ndv_selectivity,low_1_pct,true,true,none,2,0.0229,0,0,0,4883
ndv_selectivity,low_5_pct,true,true,none,2,0.0185,0,0,0,4883
ndv_selectivity,low_10_pct,true,true,none,2,0.0221,0,0,0,4883
ndv_selectivity,low_20_pct,true,true,none,2,0.0196,0,0,0,4883
ndv_selectivity,low_50_pct,true,true,none,2,0.0206,0,0,0,4883
ndv_selectivity,low_90_pct,true,true,none,2,0.0165,0,0,0,4883
ndv_selectivity,medium_1_pct,true,true,none,2,0.0144,0,0,0,4883
ndv_selectivity,medium_5_pct,true,true,none,2,0.0149,0,0,0,4883
ndv_selectivity,medium_10_pct,true,true,none,2,0.0154,0,0,0,4883
ndv_selectivity,medium_20_pct,true,true,none,2,0.0163,0,0,0,4883
ndv_selectivity,medium_50_pct,true,true,none,2,0.0204,0,0,0,4883
ndv_selectivity,medium_90_pct,true,true,none,2,0.0183,0,0,0,4883
ndv_selectivity,high_1_pct,true,true,none,2,0.0131,69,0,0,743
ndv_selectivity,high_5_pct,true,true,none,2,0.0141,68,0,0,840
ndv_selectivity,high_10_pct,true,true,none,2,0.0134,65,0,0,1020
ndv_selectivity,high_20_pct,true,true,none,2,0.0131,51,0,0,1860
ndv_selectivity,high_50_pct,true,true,none,2,0.0152,19,0,0,3780
ndv_selectivity,high_90_pct,true,true,none,2,0.0149,0,0,0,4883
ndv_selectivity,low_1_pct,true,true,none,3,0.0183,0,0,0,4883
ndv_selectivity,low_5_pct,true,true,none,3,0.0232,0,0,0,4883
ndv_selectivity,low_10_pct,true,true,none,3,0.0176,0,0,0,4883
ndv_selectivity,low_20_pct,true,true,none,3,0.0201,0,0,0,4883
ndv_selectivity,low_50_pct,true,true,none,3,0.0210,0,0,0,4883
ndv_selectivity,low_90_pct,true,true,none,3,0.0197,0,0,0,4883
ndv_selectivity,medium_1_pct,true,true,none,3,0.0113,0,0,0,4883
ndv_selectivity,medium_5_pct,true,true,none,3,0.0127,0,0,0,4883
ndv_selectivity,medium_10_pct,true,true,none,3,0.0172,0,0,0,4883
ndv_selectivity,medium_20_pct,true,true,none,3,0.0151,0,0,0,4883
ndv_selectivity,medium_50_pct,true,true,none,3,0.0155,0,0,0,4883
ndv_selectivity,medium_90_pct,true,true,none,3,0.0165,0,0,0,4883
ndv_selectivity,high_1_pct,true,true,none,3,0.0124,71,0,0,660
ndv_selectivity,high_5_pct,true,true,none,3,0.0126,64,0,0,1080
ndv_selectivity,high_10_pct,true,true,none,3,0.0123,63,0,0,1140
ndv_selectivity,high_20_pct,true,true,none,3,0.0120,52,0,0,1763
ndv_selectivity,high_50_pct,true,true,none,3,0.0127,18,0,0,3803
ndv_selectivity,high_90_pct,true,true,none,3,0.0102,0,0,0,4883
ndv_selectivity,low_1_pct,true,true,none,4,0.0208,0,0,0,4883
ndv_selectivity,low_5_pct,true,true,none,4,0.0203,0,0,0,4883
ndv_selectivity,low_10_pct,true,true,none,4,0.0215,0,0,0,4883
ndv_selectivity,low_20_pct,true,true,none,4,0.0212,0,0,0,4883
ndv_selectivity,low_50_pct,true,true,none,4,0.0192,0,0,0,4883
ndv_selectivity,low_90_pct,true,true,none,4,0.0250,0,0,0,4883
ndv_selectivity,medium_1_pct,true,true,none,4,0.0203,0,0,0,4883
ndv_selectivity,medium_5_pct,true,true,none,4,0.0195,0,0,0,4883
ndv_selectivity,medium_10_pct,true,true,none,4,0.0206,0,0,0,4883
ndv_selectivity,medium_20_pct,true,true,none,4,0.0212,0,0,0,4883
ndv_selectivity,medium_50_pct,true,true,none,4,0.0221,0,0,0,4883
ndv_selectivity,medium_90_pct,true,true,none,4,0.0204,0,0,0,4883
ndv_selectivity,high_1_pct,true,true,none,4,0.0171,68,0,0,840
ndv_selectivity,high_5_pct,true,true,none,4,0.0150,67,0,0,900
ndv_selectivity,high_10_pct,true,true,none,4,0.0136,63,0,0,1140
ndv_selectivity,high_20_pct,true,true,none,4,0.0157,47,0,0,2063
ndv_selectivity,high_50_pct,true,true,none,4,0.0196,18,0,0,3803
ndv_selectivity,high_90_pct,true,true,none,4,0.0166,0,0,0,4883
ndv_selectivity,low_1_pct,true,true,none,5,0.0241,0,0,0,4883
ndv_selectivity,low_5_pct,true,true,none,5,0.0239,0,0,0,4883
ndv_selectivity,low_10_pct,true,true,none,5,0.0267,0,0,0,4883
ndv_selectivity,low_20_pct,true,true,none,5,0.0266,0,0,0,4883
ndv_selectivity,low_50_pct,true,true,none,5,0.0274,0,0,0,4883
ndv_selectivity,low_90_pct,true,true,none,5,0.0224,0,0,0,4883
ndv_selectivity,medium_1_pct,true,true,none,5,0.0207,0,0,0,4883
ndv_selectivity,medium_5_pct,true,true,none,5,0.0206,0,0,0,4883
ndv_selectivity,medium_10_pct,true,true,none,5,0.0193,0,0,0,4883
ndv_selectivity,medium_20_pct,true,true,none,5,0.0196,0,0,0,4883
ndv_selectivity,medium_50_pct,true,true,none,5,0.0177,0,0,0,4883
ndv_selectivity,medium_90_pct,true,true,none,5,0.0195,0,0,0,4883
ndv_selectivity,high_1_pct,true,true,none,5,0.0147,67,0,0,900
ndv_selectivity,high_5_pct,true,true,none,5,0.0158,69,0,0,780
ndv_selectivity,high_10_pct,true,true,none,5,0.0167,63,0,0,1140
ndv_selectivity,high_20_pct,true,true,none,5,0.0166,53,0,0,1740
ndv_selectivity,high_50_pct,true,true,none,5,0.0227,18,0,0,3803
ndv_selectivity,high_90_pct,true,true,none,5,0.0191,0,0,0,4883
ndv_selectivity,low_1_pct,true,true,none,6,0.0238,0,0,0,4883
ndv_selectivity,low_5_pct,true,true,none,6,0.0235,0,0,0,4883
ndv_selectivity,low_10_pct,true,true,none,6,0.0244,0,0,0,4883
ndv_selectivity,low_20_pct,true,true,none,6,0.0253,0,0,0,4883
ndv_selectivity,low_50_pct,true,true,none,6,0.0241,0,0,0,4883
ndv_selectivity,low_90_pct,true,true,none,6,0.0239,0,0,0,4883
ndv_selectivity,medium_1_pct,true,true,none,6,0.0197,0,0,0,4883
ndv_selectivity,medium_5_pct,true,true,none,6,0.0212,0,0,0,4883
ndv_selectivity,medium_10_pct,true,true,none,6,0.0193,0,0,0,4883
ndv_selectivity,medium_20_pct,true,true,none,6,0.0199,0,0,0,4883
ndv_selectivity,medium_50_pct,true,true,none,6,0.0201,0,0,0,4883
ndv_selectivity,medium_90_pct,true,true,none,6,0.0227,0,0,0,4883
ndv_selectivity,high_1_pct,true,true,none,6,0.0156,70,0,0,720
ndv_selectivity,high_5_pct,true,true,none,6,0.0150,68,0,0,840
ndv_selectivity,high_10_pct,true,true,none,6,0.0154,64,0,0,1080
ndv_selectivity,high_20_pct,true,true,none,6,0.0165,51,0,0,1823
ndv_selectivity,high_50_pct,true,true,none,6,0.0197,18,0,0,3803
ndv_selectivity,high_90_pct,true,true,none,6,0.0188,0,0,0,4883
ndv_selectivity,low_1_pct,true,true,none,7,0.0252,0,0,0,4883
ndv_selectivity,low_5_pct,true,true,none,7,0.0223,0,0,0,4883
ndv_selectivity,low_10_pct,true,true,none,7,0.0255,0,0,0,4883
ndv_selectivity,low_20_pct,true,true,none,7,0.0240,0,0,0,4883
ndv_selectivity,low_50_pct,true,true,none,7,0.0253,0,0,0,4883
ndv_selectivity,low_90_pct,true,true,none,7,0.0224,0,0,0,4883
ndv_selectivity,medium_1_pct,true,true,none,7,0.0208,0,0,0,4883
ndv_selectivity,medium_5_pct,true,true,none,7,0.0215,0,0,0,4883
ndv_selectivity,medium_10_pct,true,true,none,7,0.0209,0,0,0,4883
ndv_selectivity,medium_20_pct,true,true,none,7,0.0225,0,0,0,4883
ndv_selectivity,medium_50_pct,true,true,none,7,0.0215,0,0,0,4883
ndv_selectivity,medium_90_pct,true,true,none,7,0.0209,0,0,0,4883
ndv_selectivity,high_1_pct,true,true,none,7,0.0169,71,0,0,660
ndv_selectivity,high_5_pct,true,true,none,7,0.0145,66,0,0,923
ndv_selectivity,high_10_pct,true,true,none,7,0.0139,64,0,0,1080
ndv_selectivity,high_20_pct,true,true,none,7,0.0162,50,0,0,1920
ndv_selectivity,high_50_pct,true,true,none,7,0.0187,18,0,0,3803
ndv_selectivity,high_90_pct,true,true,none,7,0.0186,0,0,0,4883
ndv_selectivity,low_1_pct,true,true,none,8,0.0239,0,0,0,4883
ndv_selectivity,low_5_pct,true,true,none,8,0.0257,0,0,0,4883
ndv_selectivity,low_10_pct,true,true,none,8,0.0272,0,0,0,4883
ndv_selectivity,low_20_pct,true,true,none,8,0.0362,0,0,0,4883
ndv_selectivity,low_50_pct,true,true,none,8,0.0261,0,0,0,4883
ndv_selectivity,low_90_pct,true,true,none,8,0.0262,0,0,0,4883
ndv_selectivity,medium_1_pct,true,true,none,8,0.0210,0,0,0,4883
ndv_selectivity,medium_5_pct,true,true,none,8,0.0206,0,0,0,4883
ndv_selectivity,medium_10_pct,true,true,none,8,0.0208,0,0,0,4883
ndv_selectivity,medium_20_pct,true,true,none,8,0.0203,0,0,0,4883
ndv_selectivity,medium_50_pct,true,true,none,8,0.0223,0,0,0,4883
ndv_selectivity,medium_90_pct,true,true,none,8,0.0203,0,0,0,4883
ndv_selectivity,high_1_pct,true,true,none,8,0.0144,71,0,0,660
ndv_selectivity,high_5_pct,true,true,none,8,0.0162,67,0,0,900
ndv_selectivity,high_10_pct,true,true,none,8,0.0166,65,0,0,1020
ndv_selectivity,high_20_pct,true,true,none,8,0.0159,52,0,0,1800
ndv_selectivity,high_50_pct,true,true,none,8,0.0176,18,0,0,3803
ndv_selectivity,high_90_pct,true,true,none,8,0.0189,0,0,0,4883
ndv_selectivity,low_1_pct,true,true,none,9,0.0247,0,0,0,4883
ndv_selectivity,low_5_pct,true,true,none,9,0.0252,0,0,0,4883
ndv_selectivity,low_10_pct,true,true,none,9,0.0226,0,0,0,4883
ndv_selectivity,low_20_pct,true,true,none,9,0.0255,0,0,0,4883
ndv_selectivity,low_50_pct,true,true,none,9,0.0265,0,0,0,4883
ndv_selectivity,low_90_pct,true,true,none,9,0.0257,0,0,0,4883
ndv_selectivity,medium_1_pct,true,true,none,9,0.0188,0,0,0,4883
ndv_selectivity,medium_5_pct,true,true,none,9,0.0211,0,0,0,4883
ndv_selectivity,medium_10_pct,true,true,none,9,0.0214,0,0,0,4883
ndv_selectivity,medium_20_pct,true,true,none,9,0.0213,0,0,0,4883
ndv_selectivity,medium_50_pct,true,true,none,9,0.0192,0,0,0,4883
ndv_selectivity,medium_90_pct,true,true,none,9,0.0205,0,0,0,4883
ndv_selectivity,high_1_pct,true,true,none,9,0.0160,70,0,0,720
ndv_selectivity,high_5_pct,true,true,none,9,0.0155,63,0,0,1103
ndv_selectivity,high_10_pct,true,true,none,9,0.0169,58,0,0,1440
ndv_selectivity,high_20_pct,true,true,none,9,0.0158,53,0,0,1740
ndv_selectivity,high_50_pct,true,true,none,9,0.0195,18,0,0,3803
ndv_selectivity,high_90_pct,true,true,none,9,0.0198,0,0,0,4883
ndv_selectivity,low_1_pct,true,true,none,10,0.0237,0,0,0,4883
ndv_selectivity,low_5_pct,true,true,none,10,0.0254,0,0,0,4883
ndv_selectivity,low_10_pct,true,true,none,10,0.0253,0,0,0,4883
ndv_selectivity,low_20_pct,true,true,none,10,0.0223,0,0,0,4883
ndv_selectivity,low_50_pct,true,true,none,10,0.0229,0,0,0,4883
ndv_selectivity,low_90_pct,true,true,none,10,0.0222,0,0,0,4883
ndv_selectivity,medium_1_pct,true,true,none,10,0.0190,0,0,0,4883
ndv_selectivity,medium_5_pct,true,true,none,10,0.0224,0,0,0,4883
ndv_selectivity,medium_10_pct,true,true,none,10,0.0197,0,0,0,4883
ndv_selectivity,medium_20_pct,true,true,none,10,0.0412,0,0,0,4883
ndv_selectivity,medium_50_pct,true,true,none,10,0.0188,0,0,0,4883
ndv_selectivity,medium_90_pct,true,true,none,10,0.0221,0,0,0,4883
ndv_selectivity,high_1_pct,true,true,none,10,0.0165,69,0,0,780
ndv_selectivity,high_5_pct,true,true,none,10,0.0148,68,0,0,840
ndv_selectivity,high_10_pct,true,true,none,10,0.0144,62,0,0,1200
ndv_selectivity,high_20_pct,true,true,none,10,0.0153,57,0,0,1500
ndv_selectivity,high_50_pct,true,true,none,10,0.0196,17,0,0,3863
ndv_selectivity,high_90_pct,true,true,none,10,0.0190,0,0,0,4883
ndv_predicates,low_eq,false,false,full,1,0.0229,0,0,0,4883
ndv_predicates,low_lt,false,false,full,1,0.0248,0,0,0,4883
ndv_predicates,low_between,false,false,full,1,0.0250,0,0,0,4883
ndv_predicates,low_conjunct,false,false,full,1,0.0352,0,0,0,4883
ndv_predicates,medium_eq,false,false,full,1,0.0205,0,0,0,4883
ndv_predicates,medium_lt,false,false,full,1,0.0161,0,0,0,4883
ndv_predicates,medium_between,false,false,full,1,0.0189,0,0,0,4883
ndv_predicates,medium_conjunct,false,false,full,1,0.0359,0,0,0,4883
ndv_predicates,high_eq,false,false,full,1,0.0125,63,0,0,1140
ndv_predicates,high_lt,false,false,full,1,0.0165,57,0,0,1500
ndv_predicates,high_between,false,false,full,1,0.0172,59,0,0,1380
ndv_predicates,high_conjunct,false,false,full,1,0.0255,59,0,0,1380
ndv_predicates,low_eq,false,false,full,2,0.0389,0,0,0,4883
ndv_predicates,low_lt,false,false,full,2,0.0213,0,0,0,4883
ndv_predicates,low_between,false,false,full,2,0.0221,0,0,0,4883
ndv_predicates,low_conjunct,false,false,full,2,0.0403,0,0,0,4883
ndv_predicates,medium_eq,false,false,full,2,0.0191,0,0,0,4883
ndv_predicates,medium_lt,false,false,full,2,0.0202,0,0,0,4883
ndv_predicates,medium_between,false,false,full,2,0.0176,0,0,0,4883
ndv_predicates,medium_conjunct,false,false,full,2,0.0376,0,0,0,4883
ndv_predicates,high_eq,false,false,full,2,0.0125,63,0,0,1140
ndv_predicates,high_lt,false,false,full,2,0.0161,57,0,0,1500
ndv_predicates,high_between,false,false,full,2,0.0140,59,0,0,1380
ndv_predicates,high_conjunct,false,false,full,2,0.0213,59,0,0,1380
ndv_predicates,low_eq,false,false,full,3,0.0205,0,0,0,4883
ndv_predicates,low_lt,false,false,full,3,0.0215,0,0,0,4883
ndv_predicates,low_between,false,false,full,3,0.0225,0,0,0,4883
ndv_predicates,low_conjunct,false,false,full,3,0.0361,0,0,0,4883
ndv_predicates,medium_eq,false,false,full,3,0.0210,0,0,0,4883
ndv_predicates,medium_lt,false,false,full,3,0.0199,0,0,0,4883
ndv_predicates,medium_between,false,false,full,3,0.0198,0,0,0,4883
ndv_predicates,medium_conjunct,false,false,full,3,0.0334,0,0,0,4883
ndv_predicates,high_eq,false,false,full,3,0.0174,63,0,0,1140
ndv_predicates,high_lt,false,false,full,3,0.0115,57,0,0,1500
ndv_predicates,high_between,false,false,full,3,0.0161,59,0,0,1380
ndv_predicates,high_conjunct,false,false,full,3,0.0189,59,0,0,1380
ndv_predicates,low_eq,false,false,full,4,0.0214,0,0,0,4883
ndv_predicates,low_lt,false,false,full,4,0.0175,0,0,0,4883
ndv_predicates,low_between,false,false,full,4,0.0241,0,0,0,4883
ndv_predicates,low_conjunct,false,false,full,4,0.0427,0,0,0,4883
ndv_predicates,medium_eq,false,false,full,4,0.0197,0,0,0,4883
ndv_predicates,medium_lt,false,false,full,4,0.0176,0,0,0,4883
ndv_predicates,medium_between,false,false,full,4,0.0188,0,0,0,4883
ndv_predicates,medium_conjunct,false,false,full,4,0.0301,0,0,0,4883
ndv_predicates,high_eq,false,false,full,4,0.0132,63,0,0,1140
ndv_predicates,high_lt,false,false,full,4,0.0184,57,0,0,1500
ndv_predicates,high_between,false,false,full,4,0.0114,59,0,0,1380
ndv_predicates,high_conjunct,false,false,full,4,0.0174,59,0,0,1380
ndv_predicates,low_eq,false,false,full,5,0.0213,0,0,0,4883
ndv_predicates,low_lt,false,false,full,5,0.0193,0,0,0,4883
ndv_predicates,low_between,false,false,full,5,0.0240,0,0,0,4883
ndv_predicates,low_conjunct,false,false,full,5,0.0419,0,0,0,4883
ndv_predicates,medium_eq,false,false,full,5,0.0189,0,0,0,4883
ndv_predicates,medium_lt,false,false,full,5,0.0205,0,0,0,4883
ndv_predicates,medium_between,false,false,full,5,0.0183,0,0,0,4883
ndv_predicates,medium_conjunct,false,false,full,5,0.0483,0,0,0,4883
ndv_predicates,high_eq,false,false,full,5,0.0132,63,0,0,1140
ndv_predicates,high_lt,false,false,full,5,0.0120,57,0,0,1500
ndv_predicates,high_between,false,false,full,5,0.0162,59,0,0,1380
ndv_predicates,high_conjunct,false,false,full,5,0.0230,59,0,0,1380
ndv_predicates,low_eq,false,false,full,6,0.0221,0,0,0,4883
ndv_predicates,low_lt,false,false,full,6,0.0213,0,0,0,4883
ndv_predicates,low_between,false,false,full,6,0.0253,0,0,0,4883
ndv_predicates,low_conjunct,false,false,full,6,0.0326,0,0,0,4883
ndv_predicates,medium_eq,false,false,full,6,0.0164,0,0,0,4883
ndv_predicates,medium_lt,false,false,full,6,0.0206,0,0,0,4883
ndv_predicates,medium_between,false,false,full,6,0.0192,0,0,0,4883
ndv_predicates,medium_conjunct,false,false,full,6,0.0345,0,0,0,4883
ndv_predicates,high_eq,false,false,full,6,0.0169,63,0,0,1140
ndv_predicates,high_lt,false,false,full,6,0.0132,57,0,0,1500
ndv_predicates,high_between,false,false,full,6,0.0138,59,0,0,1380
ndv_predicates,high_conjunct,false,false,full,6,0.0234,59,0,0,1380
ndv_predicates,low_eq,false,false,full,7,0.0230,0,0,0,4883
ndv_predicates,low_lt,false,false,full,7,0.0229,0,0,0,4883
ndv_predicates,low_between,false,false,full,7,0.0187,0,0,0,4883
ndv_predicates,low_conjunct,false,false,full,7,0.0496,0,0,0,4883
ndv_predicates,medium_eq,false,false,full,7,0.0177,0,0,0,4883
ndv_predicates,medium_lt,false,false,full,7,0.0140,0,0,0,4883
ndv_predicates,medium_between,false,false,full,7,0.0184,0,0,0,4883
ndv_predicates,medium_conjunct,false,false,full,7,0.0384,0,0,0,4883
ndv_predicates,high_eq,false,false,full,7,0.0191,63,0,0,1140
ndv_predicates,high_lt,false,false,full,7,0.0169,57,0,0,1500
ndv_predicates,high_between,false,false,full,7,0.0136,59,0,0,1380
ndv_predicates,high_conjunct,false,false,full,7,0.0196,59,0,0,1380
ndv_predicates,low_eq,false,false,full,8,0.0189,0,0,0,4883
ndv_predicates,low_lt,false,false,full,8,0.0244,0,0,0,4883
ndv_predicates,low_between,false,false,full,8,0.0283,0,0,0,4883
ndv_predicates,low_conjunct,false,false,full,8,0.0360,0,0,0,4883
ndv_predicates,medium_eq,false,false,full,8,0.0159,0,0,0,4883
ndv_predicates,medium_lt,false,false,full,8,0.0223,0,0,0,4883
ndv_predicates,medium_between,false,false,full,8,0.0202,0,0,0,4883
ndv_predicates,medium_conjunct,false,false,full,8,0.0312,0,0,0,4883
ndv_predicates,high_eq,false,false,full,8,0.0166,63,0,0,1140
ndv_predicates,high_lt,false,false,full,8,0.0127,57,0,0,1500
ndv_predicates,high_between,false,false,full,8,0.0133,59,0,0,1380
ndv_predicates,high_conjunct,false,false,full,8,0.0240,59,0,0,1380
ndv_predicates,low_eq,false,false,full,9,0.0205,0,0,0,4883
ndv_predicates,low_lt,false,false,full,9,0.0223,0,0,0,4883
ndv_predicates,low_between,false,false,full,9,0.0249,0,0,0,4883
ndv_predicates,low_conjunct,false,false,full,9,0.0433,0,0,0,4883
ndv_predicates,medium_eq,false,false,full,9,0.0159,0,0,0,4883
ndv_predicates,medium_lt,false,false,full,9,0.0216,0,0,0,4883
ndv_predicates,medium_between,false,false,full,9,0.0216,0,0,0,4883
ndv_predicates,medium_conjunct,false,false,full,9,0.0353,0,0,0,4883
ndv_predicates,high_eq,false,false,full,9,0.0166,63,0,0,1140
ndv_predicates,high_lt,false,false,full,9,0.0171,57,0,0,1500
ndv_predicates,high_between,false,false,full,9,0.0166,59,0,0,1380
ndv_predicates,high_conjunct,false,false,full,9,0.0199,59,0,0,1380
ndv_predicates,low_eq,false,false,full,10,0.0258,0,0,0,4883
ndv_predicates,low_lt,false,false,full,10,0.0230,0,0,0,4883
ndv_predicates,low_between,false,false,full,10,0.0246,0,0,0,4883
ndv_predicates,low_conjunct,false,false,full,10,0.0414,0,0,0,4883
ndv_predicates,medium_eq,false,false,full,10,0.0178,0,0,0,4883
ndv_predicates,medium_lt,false,false,full,10,0.0207,0,0,0,4883
ndv_predicates,medium_between,false,false,full,10,0.0197,0,0,0,4883
ndv_predicates,medium_conjunct,false,false,full,10,0.0338,0,0,0,4883
ndv_predicates,high_eq,false,false,full,10,0.0162,63,0,0,1140
ndv_predicates,high_lt,false,false,full,10,0.0128,57,0,0,1500
ndv_predicates,high_between,false,false,full,10,0.0137,59,0,0,1380
ndv_predicates,high_conjunct,false,false,full,10,0.0242,59,0,0,1380
ndv_predicates,low_eq,false,true,zonemap_only,1,0.0263,0,0,0,4883
ndv_predicates,low_lt,false,true,zonemap_only,1,0.0232,0,0,0,4883
ndv_predicates,low_between,false,true,zonemap_only,1,0.0227,0,0,0,4883
ndv_predicates,low_conjunct,false,true,zonemap_only,1,0.0334,0,0,0,4883
ndv_predicates,medium_eq,false,true,zonemap_only,1,0.0246,0,0,0,4883
ndv_predicates,medium_lt,false,true,zonemap_only,1,0.0168,0,0,0,4883
ndv_predicates,medium_between,false,true,zonemap_only,1,0.0220,0,0,0,4883
ndv_predicates,medium_conjunct,false,true,zonemap_only,1,0.0327,0,0,0,4883
ndv_predicates,high_eq,false,true,zonemap_only,1,0.0140,63,0,0,1140
ndv_predicates,high_lt,false,true,zonemap_only,1,0.0161,57,0,0,1500
ndv_predicates,high_between,false,true,zonemap_only,1,0.0205,59,0,0,1380
ndv_predicates,high_conjunct,false,true,zonemap_only,1,0.0177,59,0,0,1380
ndv_predicates,low_eq,false,true,zonemap_only,2,0.0210,0,0,0,4883
ndv_predicates,low_lt,false,true,zonemap_only,2,0.0242,0,0,0,4883
ndv_predicates,low_between,false,true,zonemap_only,2,0.0212,0,0,0,4883
ndv_predicates,low_conjunct,false,true,zonemap_only,2,0.0334,0,0,0,4883
ndv_predicates,medium_eq,false,true,zonemap_only,2,0.0200,0,0,0,4883
ndv_predicates,medium_lt,false,true,zonemap_only,2,0.0157,0,0,0,4883
ndv_predicates,medium_between,false,true,zonemap_only,2,0.0192,0,0,0,4883
ndv_predicates,medium_conjunct,false,true,zonemap_only,2,0.0299,0,0,0,4883
ndv_predicates,high_eq,false,true,zonemap_only,2,0.0160,63,0,0,1140
ndv_predicates,high_lt,false,true,zonemap_only,2,0.0170,57,0,0,1500
ndv_predicates,high_between,false,true,zonemap_only,2,0.0154,59,0,0,1380
ndv_predicates,high_conjunct,false,true,zonemap_only,2,0.0196,59,0,0,1380
ndv_predicates,low_eq,false,true,zonemap_only,3,0.0245,0,0,0,4883
ndv_predicates,low_lt,false,true,zonemap_only,3,0.0223,0,0,0,4883
ndv_predicates,low_between,false,true,zonemap_only,3,0.0278,0,0,0,4883
ndv_predicates,low_conjunct,false,true,zonemap_only,3,0.0360,0,0,0,4883
ndv_predicates,medium_eq,false,true,zonemap_only,3,0.0219,0,0,0,4883
ndv_predicates,medium_lt,false,true,zonemap_only,3,0.0181,0,0,0,4883
ndv_predicates,medium_between,false,true,zonemap_only,3,0.0187,0,0,0,4883
ndv_predicates,medium_conjunct,false,true,zonemap_only,3,0.0286,0,0,0,4883
ndv_predicates,high_eq,false,true,zonemap_only,3,0.0174,63,0,0,1140
ndv_predicates,high_lt,false,true,zonemap_only,3,0.0153,57,0,0,1500
ndv_predicates,high_between,false,true,zonemap_only,3,0.0151,59,0,0,1380
ndv_predicates,high_conjunct,false,true,zonemap_only,3,0.0241,59,0,0,1380
ndv_predicates,low_eq,false,true,zonemap_only,4,0.0243,0,0,0,4883
ndv_predicates,low_lt,false,true,zonemap_only,4,0.0250,0,0,0,4883
ndv_predicates,low_between,false,true,zonemap_only,4,0.0255,0,0,0,4883
ndv_predicates,low_conjunct,false,true,zonemap_only,4,0.0351,0,0,0,4883
ndv_predicates,medium_eq,false,true,zonemap_only,4,0.0174,0,0,0,4883
ndv_predicates,medium_lt,false,true,zonemap_only,4,0.0191,0,0,0,4883
ndv_predicates,medium_between,false,true,zonemap_only,4,0.0151,0,0,0,4883
ndv_predicates,medium_conjunct,false,true,zonemap_only,4,0.0357,0,0,0,4883
ndv_predicates,high_eq,false,true,zonemap_only,4,0.0160,63,0,0,1140
ndv_predicates,high_lt,false,true,zonemap_only,4,0.0141,57,0,0,1500
ndv_predicates,high_between,false,true,zonemap_only,4,0.0135,59,0,0,1380
ndv_predicates,high_conjunct,false,true,zonemap_only,4,0.0193,59,0,0,1380
ndv_predicates,low_eq,false,true,zonemap_only,5,0.0215,0,0,0,4883
ndv_predicates,low_lt,false,true,zonemap_only,5,0.0201,0,0,0,4883
ndv_predicates,low_between,false,true,zonemap_only,5,0.0222,0,0,0,4883
ndv_predicates,low_conjunct,false,true,zonemap_only,5,0.0462,0,0,0,4883
ndv_predicates,medium_eq,false,true,zonemap_only,5,0.0168,0,0,0,4883
ndv_predicates,medium_lt,false,true,zonemap_only,5,0.0182,0,0,0,4883
ndv_predicates,medium_between,false,true,zonemap_only,5,0.0196,0,0,0,4883
ndv_predicates,medium_conjunct,false,true,zonemap_only,5,0.0371,0,0,0,4883
ndv_predicates,high_eq,false,true,zonemap_only,5,0.0144,63,0,0,1140
ndv_predicates,high_lt,false,true,zonemap_only,5,0.0116,57,0,0,1500
ndv_predicates,high_between,false,true,zonemap_only,5,0.0191,59,0,0,1380
ndv_predicates,high_conjunct,false,true,zonemap_only,5,0.0237,59,0,0,1380
ndv_predicates,low_eq,false,true,zonemap_only,6,0.0251,0,0,0,4883
ndv_predicates,low_lt,false,true,zonemap_only,6,0.0259,0,0,0,4883
ndv_predicates,low_between,false,true,zonemap_only,6,0.0281,0,0,0,4883
ndv_predicates,low_conjunct,false,true,zonemap_only,6,0.0375,0,0,0,4883
ndv_predicates,medium_eq,false,true,zonemap_only,6,0.0191,0,0,0,4883
ndv_predicates,medium_lt,false,true,zonemap_only,6,0.0189,0,0,0,4883
ndv_predicates,medium_between,false,true,zonemap_only,6,0.0172,0,0,0,4883
ndv_predicates,medium_conjunct,false,true,zonemap_only,6,0.0380,0,0,0,4883
ndv_predicates,high_eq,false,true,zonemap_only,6,0.0155,63,0,0,1140
ndv_predicates,high_lt,false,true,zonemap_only,6,0.0115,57,0,0,1500
ndv_predicates,high_between,false,true,zonemap_only,6,0.0180,59,0,0,1380
ndv_predicates,high_conjunct,false,true,zonemap_only,6,0.0202,59,0,0,1380
ndv_predicates,low_eq,false,true,zonemap_only,7,0.0186,0,0,0,4883
ndv_predicates,low_lt,false,true,zonemap_only,7,0.0242,0,0,0,4883
ndv_predicates,low_between,false,true,zonemap_only,7,0.0199,0,0,0,4883
ndv_predicates,low_conjunct,false,true,zonemap_only,7,0.0370,0,0,0,4883
ndv_predicates,medium_eq,false,true,zonemap_only,7,0.0179,0,0,0,4883
ndv_predicates,medium_lt,false,true,zonemap_only,7,0.0208,0,0,0,4883
ndv_predicates,medium_between,false,true,zonemap_only,7,0.0177,0,0,0,4883
ndv_predicates,medium_conjunct,false,true,zonemap_only,7,0.0328,0,0,0,4883
ndv_predicates,high_eq,false,true,zonemap_only,7,0.0143,63,0,0,1140
ndv_predicates,high_lt,false,true,zonemap_only,7,0.0157,57,0,0,1500
ndv_predicates,high_between,false,true,zonemap_only,7,0.0136,59,0,0,1380
ndv_predicates,high_conjunct,false,true,zonemap_only,7,0.0212,59,0,0,1380
ndv_predicates,low_eq,false,true,zonemap_only,8,0.0235,0,0,0,4883
ndv_predicates,low_lt,false,true,zonemap_only,8,0.0252,0,0,0,4883
ndv_predicates,low_between,false,true,zonemap_only,8,0.0277,0,0,0,4883
ndv_predicates,low_conjunct,false,true,zonemap_only,8,0.0406,0,0,0,4883
ndv_predicates,medium_eq,false,true,zonemap_only,8,0.0217,0,0,0,4883
ndv_predicates,medium_lt,false,true,zonemap_only,8,0.0158,0,0,0,4883
ndv_predicates,medium_between,false,true,zonemap_only,8,0.0197,0,0,0,4883
ndv_predicates,medium_conjunct,false,true,zonemap_only,8,0.0389,0,0,0,4883
ndv_predicates,high_eq,false,true,zonemap_only,8,0.0169,63,0,0,1140
ndv_predicates,high_lt,false,true,zonemap_only,8,0.0118,57,0,0,1500
ndv_predicates,high_between,false,true,zonemap_only,8,0.0113,59,0,0,1380
ndv_predicates,high_conjunct,false,true,zonemap_only,8,0.0231,59,0,0,1380
ndv_predicates,low_eq,false,true,zonemap_only,9,0.0235,0,0,0,4883
ndv_predicates,low_lt,false,true,zonemap_only,9,0.0258,0,0,0,4883
ndv_predicates,low_between,false,true,zonemap_only,9,0.0221,0,0,0,4883
ndv_predicates,low_conjunct,false,true,zonemap_only,9,0.0375,0,0,0,4883
ndv_predicates,medium_eq,false,true,zonemap_only,9,0.0226,0,0,0,4883
ndv_predicates,medium_lt,false,true,zonemap_only,9,0.0196,0,0,0,4883
ndv_predicates,medium_between,false,true,zonemap_only,9,0.0241,0,0,0,4883
ndv_predicates,medium_conjunct,false,true,zonemap_only,9,0.0314,0,0,0,4883
ndv_predicates,high_eq,false,true,zonemap_only,9,0.0172,63,0,0,1140
ndv_predicates,high_lt,false,true,zonemap_only,9,0.0124,57,0,0,1500
ndv_predicates,high_between,false,true,zonemap_only,9,0.0114,59,0,0,1380
ndv_predicates,high_conjunct,false,true,zonemap_only,9,0.0187,59,0,0,1380
ndv_predicates,low_eq,false,true,zonemap_only,10,0.0200,0,0,0,4883
ndv_predicates,low_lt,false,true,zonemap_only,10,0.0184,0,0,0,4883
ndv_predicates,low_between,false,true,zonemap_only,10,0.0244,0,0,0,4883
ndv_predicates,low_conjunct,false,true,zonemap_only,10,0.0348,0,0,0,4883
ndv_predicates,medium_eq,false,true,zonemap_only,10,0.0166,0,0,0,4883
ndv_predicates,medium_lt,false,true,zonemap_only,10,0.0139,0,0,0,4883
ndv_predicates,medium_between,false,true,zonemap_only,10,0.0212,0,0,0,4883
ndv_predicates,medium_conjunct,false,true,zonemap_only,10,0.0371,0,0,0,4883
ndv_predicates,high_eq,false,true,zonemap_only,10,0.0157,63,0,0,1140
ndv_predicates,high_lt,false,true,zonemap_only,10,0.0166,57,0,0,1500
ndv_predicates,high_between,false,true,zonemap_only,10,0.0173,59,0,0,1380
ndv_predicates,high_conjunct,false,true,zonemap_only,10,0.0200,59,0,0,1380
ndv_predicates,low_eq,true,false,sketch_only,1,0.0225,0,0,0,4883
ndv_predicates,low_lt,true,false,sketch_only,1,0.0219,0,0,0,4883
ndv_predicates,low_between,true,false,sketch_only,1,0.0260,0,0,0,4883
ndv_predicates,low_conjunct,true,false,sketch_only,1,0.0351,0,0,0,4883
ndv_predicates,medium_eq,true,false,sketch_only,1,0.0191,0,0,0,4883
ndv_predicates,medium_lt,true,false,sketch_only,1,0.0169,0,0,0,4883
ndv_predicates,medium_between,true,false,sketch_only,1,0.0231,0,0,0,4883
ndv_predicates,medium_conjunct,true,false,sketch_only,1,0.0337,0,0,0,4883
ndv_predicates,high_eq,true,false,sketch_only,1,0.0152,58,0,0,1440
ndv_predicates,high_lt,true,false,sketch_only,1,0.0156,57,0,0,1500
ndv_predicates,high_between,true,false,sketch_only,1,0.0131,58,0,0,1440
ndv_predicates,high_conjunct,true,false,sketch_only,1,0.0230,59,0,0,1380
ndv_predicates,low_eq,true,false,sketch_only,2,0.0194,0,0,0,4883
ndv_predicates,low_lt,true,false,sketch_only,2,0.0277,0,0,0,4883
ndv_predicates,low_between,true,false,sketch_only,2,0.0243,0,0,0,4883
ndv_predicates,low_conjunct,true,false,sketch_only,2,0.0373,0,0,0,4883
ndv_predicates,medium_eq,true,false,sketch_only,2,0.0181,0,0,0,4883
ndv_predicates,medium_lt,true,false,sketch_only,2,0.0198,0,0,0,4883
ndv_predicates,medium_between,true,false,sketch_only,2,0.0204,0,0,0,4883
ndv_predicates,medium_conjunct,true,false,sketch_only,2,0.0357,0,0,0,4883
ndv_predicates,high_eq,true,false,sketch_only,2,0.0144,61,0,0,1260
ndv_predicates,high_lt,true,false,sketch_only,2,0.0143,55,0,0,1620
ndv_predicates,high_between,true,false,sketch_only,2,0.0149,59,0,0,1380
ndv_predicates,high_conjunct,true,false,sketch_only,2,0.0271,59,0,0,1380
ndv_predicates,low_eq,true,false,sketch_only,3,0.0216,0,0,0,4883
ndv_predicates,low_lt,true,false,sketch_only,3,0.0217,0,0,0,4883
ndv_predicates,low_between,true,false,sketch_only,3,0.0253,0,0,0,4883
ndv_predicates,low_conjunct,true,false,sketch_only,3,0.0402,0,0,0,4883
ndv_predicates,medium_eq,true,false,sketch_only,3,0.0189,0,0,0,4883
ndv_predicates,medium_lt,true,false,sketch_only,3,0.0192,0,0,0,4883
ndv_predicates,medium_between,true,false,sketch_only,3,0.0203,0,0,0,4883
ndv_predicates,medium_conjunct,true,false,sketch_only,3,0.0347,0,0,0,4883
ndv_predicates,high_eq,true,false,sketch_only,3,0.0177,63,0,0,1140
ndv_predicates,high_lt,true,false,sketch_only,3,0.0114,52,0,0,1800
ndv_predicates,high_between,true,false,sketch_only,3,0.0189,59,0,0,1380
ndv_predicates,high_conjunct,true,false,sketch_only,3,0.0224,59,0,0,1380
ndv_predicates,low_eq,true,false,sketch_only,4,0.0205,0,0,0,4883
ndv_predicates,low_lt,true,false,sketch_only,4,0.0200,0,0,0,4883
ndv_predicates,low_between,true,false,sketch_only,4,0.0271,0,0,0,4883
ndv_predicates,low_conjunct,true,false,sketch_only,4,0.0458,0,0,0,4883
ndv_predicates,medium_eq,true,false,sketch_only,4,0.0220,0,0,0,4883
ndv_predicates,medium_lt,true,false,sketch_only,4,0.0242,0,0,0,4883
ndv_predicates,medium_between,true,false,sketch_only,4,0.0217,0,0,0,4883
ndv_predicates,medium_conjunct,true,false,sketch_only,4,0.0310,0,0,0,4883
ndv_predicates,high_eq,true,false,sketch_only,4,0.0164,57,0,0,1463
ndv_predicates,high_lt,true,false,sketch_only,4,0.0184,52,0,0,1763
ndv_predicates,high_between,true,false,sketch_only,4,0.0119,59,0,0,1380
ndv_predicates,high_conjunct,true,false,sketch_only,4,0.0195,59,0,0,1380
ndv_predicates,low_eq,true,false,sketch_only,5,0.0259,0,0,0,4883
ndv_predicates,low_lt,true,false,sketch_only,5,0.0265,0,0,0,4883
ndv_predicates,low_between,true,false,sketch_only,5,0.0279,0,0,0,4883
ndv_predicates,low_conjunct,true,false,sketch_only,5,0.0408,0,0,0,4883
ndv_predicates,medium_eq,true,false,sketch_only,5,0.0197,0,0,0,4883
ndv_predicates,medium_lt,true,false,sketch_only,5,0.0247,0,0,0,4883
ndv_predicates,medium_between,true,false,sketch_only,5,0.0194,0,0,0,4883
ndv_predicates,medium_conjunct,true,false,sketch_only,5,0.0413,0,0,0,4883
ndv_predicates,high_eq,true,false,sketch_only,5,0.0164,60,0,0,1320
ndv_predicates,high_lt,true,false,sketch_only,5,0.0134,56,0,0,1560
ndv_predicates,high_between,true,false,sketch_only,5,0.0174,55,0,0,1620
ndv_predicates,high_conjunct,true,false,sketch_only,5,0.0241,59,0,0,1380
ndv_predicates,low_eq,true,false,sketch_only,6,0.0227,0,0,0,4883
ndv_predicates,low_lt,true,false,sketch_only,6,0.0235,0,0,0,4883
ndv_predicates,low_between,true,false,sketch_only,6,0.0272,0,0,0,4883
ndv_predicates,low_conjunct,true,false,sketch_only,6,0.0360,0,0,0,4883
ndv_predicates,medium_eq,true,false,sketch_only,6,0.0185,0,0,0,4883
ndv_predicates,medium_lt,true,false,sketch_only,6,0.0212,0,0,0,4883
ndv_predicates,medium_between,true,false,sketch_only,6,0.0198,0,0,0,4883
ndv_predicates,medium_conjunct,true,false,sketch_only,6,0.0406,0,0,0,4883
ndv_predicates,high_eq,true,false,sketch_only,6,0.0159,61,0,0,1260
ndv_predicates,high_lt,true,false,sketch_only,6,0.0154,57,0,0,1500
ndv_predicates,high_between,true,false,sketch_only,6,0.0167,57,0,0,1463
ndv_predicates,high_conjunct,true,false,sketch_only,6,0.0199,59,0,0,1380
ndv_predicates,low_eq,true,false,sketch_only,7,0.0199,0,0,0,4883
ndv_predicates,low_lt,true,false,sketch_only,7,0.0209,0,0,0,4883
ndv_predicates,low_between,true,false,sketch_only,7,0.0272,0,0,0,4883
ndv_predicates,low_conjunct,true,false,sketch_only,7,0.0422,0,0,0,4883
ndv_predicates,medium_eq,true,false,sketch_only,7,0.0223,0,0,0,4883
ndv_predicates,medium_lt,true,false,sketch_only,7,0.0151,0,0,0,4883
ndv_predicates,medium_between,true,false,sketch_only,7,0.0158,0,0,0,4883
ndv_predicates,medium_conjunct,true,false,sketch_only,7,0.0332,0,0,0,4883
ndv_predicates,high_eq,true,false,sketch_only,7,0.0168,60,0,0,1283
ndv_predicates,high_lt,true,false,sketch_only,7,0.0160,50,0,0,1920
ndv_predicates,high_between,true,false,sketch_only,7,0.0127,59,0,0,1380
ndv_predicates,high_conjunct,true,false,sketch_only,7,0.0202,59,0,0,1380
ndv_predicates,low_eq,true,false,sketch_only,8,0.0202,0,0,0,4883
ndv_predicates,low_lt,true,false,sketch_only,8,0.0224,0,0,0,4883
ndv_predicates,low_between,true,false,sketch_only,8,0.0241,0,0,0,4883
ndv_predicates,low_conjunct,true,false,sketch_only,8,0.0395,0,0,0,4883
ndv_predicates,medium_eq,true,false,sketch_only,8,0.0242,0,0,0,4883
ndv_predicates,medium_lt,true,false,sketch_only,8,0.0221,0,0,0,4883
ndv_predicates,medium_between,true,false,sketch_only,8,0.0225,0,0,0,4883
ndv_predicates,medium_conjunct,true,false,sketch_only,8,0.0367,0,0,0,4883
ndv_predicates,high_eq,true,false,sketch_only,8,0.0147,63,0,0,1140
ndv_predicates,high_lt,true,false,sketch_only,8,0.0123,57,0,0,1500
ndv_predicates,high_between,true,false,sketch_only,8,0.0185,57,0,0,1500
ndv_predicates,high_conjunct,true,false,sketch_only,8,0.0231,59,0,0,1380
ndv_predicates,low_eq,true,false,sketch_only,9,0.0231,0,0,0,4883
ndv_predicates,low_lt,true,false,sketch_only,9,0.0197,0,0,0,4883
ndv_predicates,low_between,true,false,sketch_only,9,0.0290,0,0,0,4883
ndv_predicates,low_conjunct,true,false,sketch_only,9,0.0367,0,0,0,4883
ndv_predicates,medium_eq,true,false,sketch_only,9,0.0163,0,0,0,4883
ndv_predicates,medium_lt,true,false,sketch_only,9,0.0158,0,0,0,4883
ndv_predicates,medium_between,true,false,sketch_only,9,0.0199,0,0,0,4883
ndv_predicates,medium_conjunct,true,false,sketch_only,9,0.0379,0,0,0,4883
ndv_predicates,high_eq,true,false,sketch_only,9,0.0126,63,0,0,1140
ndv_predicates,high_lt,true,false,sketch_only,9,0.0152,49,0,0,1980
ndv_predicates,high_between,true,false,sketch_only,9,0.0134,59,0,0,1380
ndv_predicates,high_conjunct,true,false,sketch_only,9,0.0230,59,0,0,1380
ndv_predicates,low_eq,true,false,sketch_only,10,0.0220,0,0,0,4883
ndv_predicates,low_lt,true,false,sketch_only,10,0.0239,0,0,0,4883
ndv_predicates,low_between,true,false,sketch_only,10,0.0248,0,0,0,4883
ndv_predicates,low_conjunct,true,false,sketch_only,10,0.0372,0,0,0,4883
ndv_predicates,medium_eq,true,false,sketch_only,10,0.0187,0,0,0,4883
ndv_predicates,medium_lt,true,false,sketch_only,10,0.0196,0,0,0,4883
ndv_predicates,medium_between,true,false,sketch_only,10,0.0177,0,0,0,4883
ndv_predicates,medium_conjunct,true,false,sketch_only,10,0.0307,0,0,0,4883
ndv_predicates,high_eq,true,false,sketch_only,10,0.0161,63,0,0,1140
ndv_predicates,high_lt,true,false,sketch_only,10,0.0121,57,0,0,1500
ndv_predicates,high_between,true,false,sketch_only,10,0.0183,59,0,0,1380
ndv_predicates,high_conjunct,true,false,sketch_only,10,0.0191,59,0,0,1380
ndv_predicates,low_eq,true,true,none,1,0.0237,0,0,0,4883
ndv_predicates,low_lt,true,true,none,1,0.0234,0,0,0,4883
ndv_predicates,low_between,true,true,none,1,0.0247,0,0,0,4883
ndv_predicates,low_conjunct,true,true,none,1,0.0508,0,0,0,4883
ndv_predicates,medium_eq,true,true,none,1,0.0221,0,0,0,4883
ndv_predicates,medium_lt,true,true,none,1,0.0180,0,0,0,4883
ndv_predicates,medium_between,true,true,none,1,0.0181,0,0,0,4883
ndv_predicates,medium_conjunct,true,true,none,1,0.0346,0,0,0,4883
ndv_predicates,high_eq,true,true,none,1,0.0140,63,0,0,1140
ndv_predicates,high_lt,true,true,none,1,0.0166,55,0,0,1620
ndv_predicates,high_between,true,true,none,1,0.0157,51,0,0,1823
ndv_predicates,high_conjunct,true,true,none,1,0.0170,59,0,0,1380
ndv_predicates,low_eq,true,true,none,2,0.0247,0,0,0,4883
ndv_predicates,low_lt,true,true,none,2,0.0197,0,0,0,4883
ndv_predicates,low_between,true,true,none,2,0.0268,0,0,0,4883
ndv_predicates,low_conjunct,true,true,none,2,0.0366,0,0,0,4883
ndv_predicates,medium_eq,true,true,none,2,0.0191,0,0,0,4883
ndv_predicates,medium_lt,true,true,none,2,0.0176,0,0,0,4883
ndv_predicates,medium_between,true,true,none,2,0.0257,0,0,0,4883
ndv_predicates,medium_conjunct,true,true,none,2,0.0323,0,0,0,4883
ndv_predicates,high_eq,true,true,none,2,0.0124,63,0,0,1140
ndv_predicates,high_lt,true,true,none,2,0.0149,54,0,0,1643
ndv_predicates,high_between,true,true,none,2,0.0143,59,0,0,1380
ndv_predicates,high_conjunct,true,true,none,2,0.0217,59,0,0,1380
ndv_predicates,low_eq,true,true,none,3,0.0279,0,0,0,4883
ndv_predicates,low_lt,true,true,none,3,0.0207,0,0,0,4883
ndv_predicates,low_between,true,true,none,3,0.0229,0,0,0,4883
ndv_predicates,low_conjunct,true,true,none,3,0.0357,0,0,0,4883
ndv_predicates,medium_eq,true,true,none,3,0.0166,0,0,0,4883
ndv_predicates,medium_lt,true,true,none,3,0.0213,0,0,0,4883
ndv_predicates,medium_between,true,true,none,3,0.0184,0,0,0,4883
ndv_predicates,medium_conjunct,true,true,none,3,0.0329,0,0,0,4883
ndv_predicates,high_eq,true,true,none,3,0.0168,63,0,0,1140
ndv_predicates,high_lt,true,true,none,3,0.0177,57,0,0,1500
ndv_predicates,high_between,true,true,none,3,0.0198,59,0,0,1380
ndv_predicates,high_conjunct,true,true,none,3,0.0168,59,0,0,1380
ndv_predicates,low_eq,true,true,none,4,0.0197,0,0,0,4883
ndv_predicates,low_lt,true,true,none,4,0.0181,0,0,0,4883
ndv_predicates,low_between,true,true,none,4,0.0194,0,0,0,4883
ndv_predicates,low_conjunct,true,true,none,4,0.0398,0,0,0,4883
ndv_predicates,medium_eq,true,true,none,4,0.0208,0,0,0,4883
ndv_predicates,medium_lt,true,true,none,4,0.0207,0,0,0,4883
ndv_predicates,medium_between,true,true,none,4,0.0208,0,0,0,4883
ndv_predicates,medium_conjunct,true,true,none,4,0.0381,0,0,0,4883
ndv_predicates,high_eq,true,true,none,4,0.0130,62,0,0,1200
ndv_predicates,high_lt,true,true,none,4,0.0127,52,0,0,1800
ndv_predicates,high_between,true,true,none,4,0.0180,56,0,0,1523
ndv_predicates,high_conjunct,true,true,none,4,0.0199,59,0,0,1380
ndv_predicates,low_eq,true,true,none,5,0.0247,0,0,0,4883
ndv_predicates,low_lt,true,true,none,5,0.0233,0,0,0,4883
ndv_predicates,low_between,true,true,none,5,0.0233,0,0,0,4883
ndv_predicates,low_conjunct,true,true,none,5,0.0383,0,0,0,4883
ndv_predicates,medium_eq,true,true,none,5,0.0253,0,0,0,4883
ndv_predicates,medium_lt,true,true,none,5,0.0167,0,0,0,4883
ndv_predicates,medium_between,true,true,none,5,0.0190,0,0,0,4883
ndv_predicates,medium_conjunct,true,true,none,5,0.0398,0,0,0,4883
ndv_predicates,high_eq,true,true,none,5,0.0161,61,0,0,1260
ndv_predicates,high_lt,true,true,none,5,0.0152,57,0,0,1500
ndv_predicates,high_between,true,true,none,5,0.0166,59,0,0,1380
ndv_predicates,high_conjunct,true,true,none,5,0.0208,59,0,0,1380
ndv_predicates,low_eq,true,true,none,6,0.0188,0,0,0,4883
ndv_predicates,low_lt,true,true,none,6,0.0195,0,0,0,4883
ndv_predicates,low_between,true,true,none,6,0.0257,0,0,0,4883
ndv_predicates,low_conjunct,true,true,none,6,0.0418,0,0,0,4883
ndv_predicates,medium_eq,true,true,none,6,0.0216,0,0,0,4883
ndv_predicates,medium_lt,true,true,none,6,0.0171,0,0,0,4883
ndv_predicates,medium_between,true,true,none,6,0.0193,0,0,0,4883
ndv_predicates,medium_conjunct,true,true,none,6,0.0321,0,0,0,4883
ndv_predicates,high_eq,true,true,none,6,0.0157,63,0,0,1140
ndv_predicates,high_lt,true,true,none,6,0.0173,57,0,0,1500
ndv_predicates,high_between,true,true,none,6,0.0195,58,0,0,1440
ndv_predicates,high_conjunct,true,true,none,6,0.0247,59,0,0,1380
ndv_predicates,low_eq,true,true,none,7,0.0271,0,0,0,4883
ndv_predicates,low_lt,true,true,none,7,0.0194,0,0,0,4883
ndv_predicates,low_between,true,true,none,7,0.0224,0,0,0,4883
ndv_predicates,low_conjunct,true,true,none,7,0.0378,0,0,0,4883
ndv_predicates,medium_eq,true,true,none,7,0.0185,0,0,0,4883
ndv_predicates,medium_lt,true,true,none,7,0.0194,0,0,0,4883
ndv_predicates,medium_between,true,true,none,7,0.0234,0,0,0,4883
ndv_predicates,medium_conjunct,true,true,none,7,0.0456,0,0,0,4883
ndv_predicates,high_eq,true,true,none,7,0.0106,45,0,0,2183
ndv_predicates,high_lt,true,true,none,7,0.0193,49,0,0,1980
ndv_predicates,high_between,true,true,none,7,0.0195,59,0,0,1380
ndv_predicates,high_conjunct,true,true,none,7,0.0315,59,0,0,1380
ndv_predicates,low_eq,true,true,none,8,0.0253,0,0,0,4883
ndv_predicates,low_lt,true,true,none,8,0.0210,0,0,0,4883
ndv_predicates,low_between,true,true,none,8,0.0258,0,0,0,4883
ndv_predicates,low_conjunct,true,true,none,8,0.0346,0,0,0,4883
ndv_predicates,medium_eq,true,true,none,8,0.0145,0,0,0,4883
ndv_predicates,medium_lt,true,true,none,8,0.0222,0,0,0,4883
ndv_predicates,medium_between,true,true,none,8,0.0184,0,0,0,4883
ndv_predicates,medium_conjunct,true,true,none,8,0.0351,0,0,0,4883
ndv_predicates,high_eq,true,true,none,8,0.0133,60,0,0,1320
ndv_predicates,high_lt,true,true,none,8,0.0124,54,0,0,1680
ndv_predicates,high_between,true,true,none,8,0.0192,56,0,0,1523
ndv_predicates,high_conjunct,true,true,none,8,0.0235,59,0,0,1380
ndv_predicates,low_eq,true,true,none,9,0.0221,0,0,0,4883
ndv_predicates,low_lt,true,true,none,9,0.0284,0,0,0,4883
ndv_predicates,low_between,true,true,none,9,0.0250,0,0,0,4883
ndv_predicates,low_conjunct,true,true,none,9,0.0334,0,0,0,4883
ndv_predicates,medium_eq,true,true,none,9,0.0162,0,0,0,4883
ndv_predicates,medium_lt,true,true,none,9,0.0197,0,0,0,4883
ndv_predicates,medium_between,true,true,none,9,0.0163,0,0,0,4883
ndv_predicates,medium_conjunct,true,true,none,9,0.0346,0,0,0,4883
ndv_predicates,high_eq,true,true,none,9,0.0176,63,0,0,1140
ndv_predicates,high_lt,true,true,none,9,0.0148,50,0,0,1920
ndv_predicates,high_between,true,true,none,9,0.0137,59,0,0,1380
ndv_predicates,high_conjunct,true,true,none,9,0.0243,59,0,0,1380
ndv_predicates,low_eq,true,true,none,10,0.0257,0,0,0,4883
ndv_predicates,low_lt,true,true,none,10,0.0210,0,0,0,4883
ndv_predicates,low_between,true,true,none,10,0.0278,0,0,0,4883
ndv_predicates,low_conjunct,true,true,none,10,0.0364,0,0,0,4883
ndv_predicates,medium_eq,true,true,none,10,0.0159,0,0,0,4883
ndv_predicates,medium_lt,true,true,none,10,0.0182,0,0,0,4883
ndv_predicates,medium_between,true,true,none,10,0.0186,0,0,0,4883
ndv_predicates,medium_conjunct,true,true,none,10,0.0311,0,0,0,4883
ndv_predicates,high_eq,true,true,none,10,0.0120,61,0,0,1260
ndv_predicates,high_lt,true,true,none,10,0.0141,53,0,0,1740
ndv_predicates,high_between,true,true,none,10,0.0138,59,0,0,1380
ndv_predicates,high_conjunct,true,true,none,10,0.0205,59,0,0,1380
distribution_predicates,uniform_eq_hotspot_value,false,false,full,1,0.0120,71,0,0,660
distribution_predicates,uniform_eq_nonhotspot_value,false,false,full,1,0.0142,63,0,0,1140
distribution_predicates,uniform_between_hotspot_band,false,false,full,1,0.0160,71,0,0,660
distribution_predicates,uniform_between_nonhotspot_band,false,false,full,1,0.0104,63,0,0,1140
distribution_predicates,hotspot_eq_hotspot_value,false,false,full,1,0.0274,0,0,0,4883
distribution_predicates,hotspot_eq_nonhotspot_value,false,false,full,1,0.0252,31,5,0,2999
distribution_predicates,hotspot_between_hotspot_band,false,false,full,1,0.0282,0,0,0,4883
distribution_predicates,hotspot_between_nonhotspot_band,false,false,full,1,0.0232,31,5,0,2999
distribution_predicates,uniform_eq_hotspot_value,false,false,full,2,0.0140,71,0,0,660
distribution_predicates,uniform_eq_nonhotspot_value,false,false,full,2,0.0125,63,0,0,1140
distribution_predicates,uniform_between_hotspot_band,false,false,full,2,0.0131,71,0,0,660
distribution_predicates,uniform_between_nonhotspot_band,false,false,full,2,0.0145,63,0,0,1140
distribution_predicates,hotspot_eq_hotspot_value,false,false,full,2,0.0275,0,0,0,4883
distribution_predicates,hotspot_eq_nonhotspot_value,false,false,full,2,0.0231,31,5,0,2999
distribution_predicates,hotspot_between_hotspot_band,false,false,full,2,0.0271,0,0,0,4883
distribution_predicates,hotspot_between_nonhotspot_band,false,false,full,2,0.0234,31,5,0,2999
distribution_predicates,uniform_eq_hotspot_value,false,false,full,3,0.0154,71,0,0,660
distribution_predicates,uniform_eq_nonhotspot_value,false,false,full,3,0.0157,63,0,0,1140
distribution_predicates,uniform_between_hotspot_band,false,false,full,3,0.0132,71,0,0,660
distribution_predicates,uniform_between_nonhotspot_band,false,false,full,3,0.0126,63,0,0,1140
distribution_predicates,hotspot_eq_hotspot_value,false,false,full,3,0.0263,0,0,0,4883
distribution_predicates,hotspot_eq_nonhotspot_value,false,false,full,3,0.0230,31,5,0,2999
distribution_predicates,hotspot_between_hotspot_band,false,false,full,3,0.0266,0,0,0,4883
distribution_predicates,hotspot_between_nonhotspot_band,false,false,full,3,0.0222,31,5,0,2999
distribution_predicates,uniform_eq_hotspot_value,false,false,full,4,0.0115,71,0,0,660
distribution_predicates,uniform_eq_nonhotspot_value,false,false,full,4,0.0151,63,0,0,1140
distribution_predicates,uniform_between_hotspot_band,false,false,full,4,0.0156,71,0,0,660
distribution_predicates,uniform_between_nonhotspot_band,false,false,full,4,0.0133,63,0,0,1140
distribution_predicates,hotspot_eq_hotspot_value,false,false,full,4,0.0328,0,0,0,4883
distribution_predicates,hotspot_eq_nonhotspot_value,false,false,full,4,0.0242,31,5,0,2999
distribution_predicates,hotspot_between_hotspot_band,false,false,full,4,0.0256,0,0,0,4883
distribution_predicates,hotspot_between_nonhotspot_band,false,false,full,4,0.0233,31,5,0,2999
distribution_predicates,uniform_eq_hotspot_value,false,false,full,5,0.0125,71,0,0,660
distribution_predicates,uniform_eq_nonhotspot_value,false,false,full,5,0.0128,63,0,0,1140
distribution_predicates,uniform_between_hotspot_band,false,false,full,5,0.0169,71,0,0,660
distribution_predicates,uniform_between_nonhotspot_band,false,false,full,5,0.0284,63,0,0,1140
distribution_predicates,hotspot_eq_hotspot_value,false,false,full,5,0.0295,0,0,0,4883
distribution_predicates,hotspot_eq_nonhotspot_value,false,false,full,5,0.0189,31,5,0,2999
distribution_predicates,hotspot_between_hotspot_band,false,false,full,5,0.0315,0,0,0,4883
distribution_predicates,hotspot_between_nonhotspot_band,false,false,full,5,0.0210,31,5,0,2999
distribution_predicates,uniform_eq_hotspot_value,false,false,full,6,0.0127,71,0,0,660
distribution_predicates,uniform_eq_nonhotspot_value,false,false,full,6,0.0136,63,0,0,1140
distribution_predicates,uniform_between_hotspot_band,false,false,full,6,0.0153,71,0,0,660
distribution_predicates,uniform_between_nonhotspot_band,false,false,full,6,0.0170,63,0,0,1140
distribution_predicates,hotspot_eq_hotspot_value,false,false,full,6,0.0256,0,0,0,4883
distribution_predicates,hotspot_eq_nonhotspot_value,false,false,full,6,0.0247,31,5,0,2999
distribution_predicates,hotspot_between_hotspot_band,false,false,full,6,0.0251,0,0,0,4883
distribution_predicates,hotspot_between_nonhotspot_band,false,false,full,6,0.0234,31,5,0,2999
distribution_predicates,uniform_eq_hotspot_value,false,false,full,7,0.0136,71,0,0,660
distribution_predicates,uniform_eq_nonhotspot_value,false,false,full,7,0.0158,63,0,0,1140
distribution_predicates,uniform_between_hotspot_band,false,false,full,7,0.0140,71,0,0,660
distribution_predicates,uniform_between_nonhotspot_band,false,false,full,7,0.0154,63,0,0,1140
distribution_predicates,hotspot_eq_hotspot_value,false,false,full,7,0.0259,0,0,0,4883
distribution_predicates,hotspot_eq_nonhotspot_value,false,false,full,7,0.0219,31,5,0,2999
distribution_predicates,hotspot_between_hotspot_band,false,false,full,7,0.0313,0,0,0,4883
distribution_predicates,hotspot_between_nonhotspot_band,false,false,full,7,0.0226,31,5,0,2999
distribution_predicates,uniform_eq_hotspot_value,false,false,full,8,0.0179,71,0,0,660
distribution_predicates,uniform_eq_nonhotspot_value,false,false,full,8,0.0149,63,0,0,1140
distribution_predicates,uniform_between_hotspot_band,false,false,full,8,0.0125,71,0,0,660
distribution_predicates,uniform_between_nonhotspot_band,false,false,full,8,0.0151,63,0,0,1140
distribution_predicates,hotspot_eq_hotspot_value,false,false,full,8,0.0262,0,0,0,4883
distribution_predicates,hotspot_eq_nonhotspot_value,false,false,full,8,0.0206,31,5,0,2999
distribution_predicates,hotspot_between_hotspot_band,false,false,full,8,0.0264,0,0,0,4883
distribution_predicates,hotspot_between_nonhotspot_band,false,false,full,8,0.0241,31,5,0,2999
distribution_predicates,uniform_eq_hotspot_value,false,false,full,9,0.0135,71,0,0,660
distribution_predicates,uniform_eq_nonhotspot_value,false,false,full,9,0.0149,63,0,0,1140
distribution_predicates,uniform_between_hotspot_band,false,false,full,9,0.0151,71,0,0,660
distribution_predicates,uniform_between_nonhotspot_band,false,false,full,9,0.0142,63,0,0,1140
distribution_predicates,hotspot_eq_hotspot_value,false,false,full,9,0.0276,0,0,0,4883
distribution_predicates,hotspot_eq_nonhotspot_value,false,false,full,9,0.0232,31,5,0,2999
distribution_predicates,hotspot_between_hotspot_band,false,false,full,9,0.0265,0,0,0,4883
distribution_predicates,hotspot_between_nonhotspot_band,false,false,full,9,0.0259,31,5,0,2999
distribution_predicates,uniform_eq_hotspot_value,false,false,full,10,0.0172,71,0,0,660
distribution_predicates,uniform_eq_nonhotspot_value,false,false,full,10,0.0127,63,0,0,1140
distribution_predicates,uniform_between_hotspot_band,false,false,full,10,0.0142,71,0,0,660
distribution_predicates,uniform_between_nonhotspot_band,false,false,full,10,0.0144,63,0,0,1140
distribution_predicates,hotspot_eq_hotspot_value,false,false,full,10,0.0258,0,0,0,4883
distribution_predicates,hotspot_eq_nonhotspot_value,false,false,full,10,0.0242,31,5,0,2999
distribution_predicates,hotspot_between_hotspot_band,false,false,full,10,0.0256,0,0,0,4883
distribution_predicates,hotspot_between_nonhotspot_band,false,false,full,10,0.0229,31,5,0,2999
distribution_predicates,uniform_eq_hotspot_value,false,true,zonemap_only,1,0.0144,71,0,0,660
distribution_predicates,uniform_eq_nonhotspot_value,false,true,zonemap_only,1,0.0164,63,0,0,1140
distribution_predicates,uniform_between_hotspot_band,false,true,zonemap_only,1,0.0162,71,0,0,660
distribution_predicates,uniform_between_nonhotspot_band,false,true,zonemap_only,1,0.0127,63,0,0,1140
distribution_predicates,hotspot_eq_hotspot_value,false,true,zonemap_only,1,0.0243,0,0,0,4883
distribution_predicates,hotspot_eq_nonhotspot_value,false,true,zonemap_only,1,0.0215,31,5,0,2999
distribution_predicates,hotspot_between_hotspot_band,false,true,zonemap_only,1,0.0276,0,0,0,4883
distribution_predicates,hotspot_between_nonhotspot_band,false,true,zonemap_only,1,0.0222,31,5,0,2999
distribution_predicates,uniform_eq_hotspot_value,false,true,zonemap_only,2,0.0147,71,0,0,660
distribution_predicates,uniform_eq_nonhotspot_value,false,true,zonemap_only,2,0.0147,63,0,0,1140
distribution_predicates,uniform_between_hotspot_band,false,true,zonemap_only,2,0.0140,71,0,0,660
distribution_predicates,uniform_between_nonhotspot_band,false,true,zonemap_only,2,0.0173,63,0,0,1140
distribution_predicates,hotspot_eq_hotspot_value,false,true,zonemap_only,2,0.0265,0,0,0,4883
distribution_predicates,hotspot_eq_nonhotspot_value,false,true,zonemap_only,2,0.0257,31,5,0,2999
distribution_predicates,hotspot_between_hotspot_band,false,true,zonemap_only,2,0.0281,0,0,0,4883
distribution_predicates,hotspot_between_nonhotspot_band,false,true,zonemap_only,2,0.0210,31,5,0,2999
distribution_predicates,uniform_eq_hotspot_value,false,true,zonemap_only,3,0.0164,71,0,0,660
distribution_predicates,uniform_eq_nonhotspot_value,false,true,zonemap_only,3,0.0128,63,0,0,1140
distribution_predicates,uniform_between_hotspot_band,false,true,zonemap_only,3,0.0161,71,0,0,660
distribution_predicates,uniform_between_nonhotspot_band,false,true,zonemap_only,3,0.0149,63,0,0,1140
distribution_predicates,hotspot_eq_hotspot_value,false,true,zonemap_only,3,0.0259,0,0,0,4883
distribution_predicates,hotspot_eq_nonhotspot_value,false,true,zonemap_only,3,0.0252,31,5,0,2999
distribution_predicates,hotspot_between_hotspot_band,false,true,zonemap_only,3,0.0309,0,0,0,4883
distribution_predicates,hotspot_between_nonhotspot_band,false,true,zonemap_only,3,0.0248,31,5,0,2999
distribution_predicates,uniform_eq_hotspot_value,false,true,zonemap_only,4,0.0161,71,0,0,660
distribution_predicates,uniform_eq_nonhotspot_value,false,true,zonemap_only,4,0.0161,63,0,0,1140
distribution_predicates,uniform_between_hotspot_band,false,true,zonemap_only,4,0.0152,71,0,0,660
distribution_predicates,uniform_between_nonhotspot_band,false,true,zonemap_only,4,0.0166,63,0,0,1140
distribution_predicates,hotspot_eq_hotspot_value,false,true,zonemap_only,4,0.0312,0,0,0,4883
distribution_predicates,hotspot_eq_nonhotspot_value,false,true,zonemap_only,4,0.0238,31,5,0,2999
distribution_predicates,hotspot_between_hotspot_band,false,true,zonemap_only,4,0.0293,0,0,0,4883
distribution_predicates,hotspot_between_nonhotspot_band,false,true,zonemap_only,4,0.0246,31,5,0,2999
distribution_predicates,uniform_eq_hotspot_value,false,true,zonemap_only,5,0.0151,71,0,0,660
distribution_predicates,uniform_eq_nonhotspot_value,false,true,zonemap_only,5,0.0158,63,0,0,1140
distribution_predicates,uniform_between_hotspot_band,false,true,zonemap_only,5,0.0175,71,0,0,660
distribution_predicates,uniform_between_nonhotspot_band,false,true,zonemap_only,5,0.0144,63,0,0,1140
distribution_predicates,hotspot_eq_hotspot_value,false,true,zonemap_only,5,0.0281,0,0,0,4883
distribution_predicates,hotspot_eq_nonhotspot_value,false,true,zonemap_only,5,0.0259,31,5,0,2999
distribution_predicates,hotspot_between_hotspot_band,false,true,zonemap_only,5,0.0279,0,0,0,4883
distribution_predicates,hotspot_between_nonhotspot_band,false,true,zonemap_only,5,0.0239,31,5,0,2999
distribution_predicates,uniform_eq_hotspot_value,false,true,zonemap_only,6,0.0165,71,0,0,660
distribution_predicates,uniform_eq_nonhotspot_value,false,true,zonemap_only,6,0.0170,63,0,0,1140
distribution_predicates,uniform_between_hotspot_band,false,true,zonemap_only,6,0.0151,71,0,0,660
distribution_predicates,uniform_between_nonhotspot_band,false,true,zonemap_only,6,0.0166,63,0,0,1140
distribution_predicates,hotspot_eq_hotspot_value,false,true,zonemap_only,6,0.0281,0,0,0,4883
distribution_predicates,hotspot_eq_nonhotspot_value,false,true,zonemap_only,6,0.0239,31,5,0,2999
distribution_predicates,hotspot_between_hotspot_band,false,true,zonemap_only,6,0.0299,0,0,0,4883
distribution_predicates,hotspot_between_nonhotspot_band,false,true,zonemap_only,6,0.0248,31,5,0,2999
distribution_predicates,uniform_eq_hotspot_value,false,true,zonemap_only,7,0.0150,71,0,0,660
distribution_predicates,uniform_eq_nonhotspot_value,false,true,zonemap_only,7,0.0162,63,0,0,1140
distribution_predicates,uniform_between_hotspot_band,false,true,zonemap_only,7,0.0161,71,0,0,660
distribution_predicates,uniform_between_nonhotspot_band,false,true,zonemap_only,7,0.0161,63,0,0,1140
distribution_predicates,hotspot_eq_hotspot_value,false,true,zonemap_only,7,0.0265,0,0,0,4883
distribution_predicates,hotspot_eq_nonhotspot_value,false,true,zonemap_only,7,0.0251,31,5,0,2999
distribution_predicates,hotspot_between_hotspot_band,false,true,zonemap_only,7,0.0294,0,0,0,4883
distribution_predicates,hotspot_between_nonhotspot_band,false,true,zonemap_only,7,0.0251,31,5,0,2999
distribution_predicates,uniform_eq_hotspot_value,false,true,zonemap_only,8,0.0165,71,0,0,660
distribution_predicates,uniform_eq_nonhotspot_value,false,true,zonemap_only,8,0.0155,63,0,0,1140
distribution_predicates,uniform_between_hotspot_band,false,true,zonemap_only,8,0.0160,71,0,0,660
distribution_predicates,uniform_between_nonhotspot_band,false,true,zonemap_only,8,0.0170,63,0,0,1140
distribution_predicates,hotspot_eq_hotspot_value,false,true,zonemap_only,8,0.0318,0,0,0,4883
distribution_predicates,hotspot_eq_nonhotspot_value,false,true,zonemap_only,8,0.0269,31,5,0,2999
distribution_predicates,hotspot_between_hotspot_band,false,true,zonemap_only,8,0.0266,0,0,0,4883
distribution_predicates,hotspot_between_nonhotspot_band,false,true,zonemap_only,8,0.0262,31,5,0,2999
distribution_predicates,uniform_eq_hotspot_value,false,true,zonemap_only,9,0.0131,71,0,0,660
distribution_predicates,uniform_eq_nonhotspot_value,false,true,zonemap_only,9,0.0176,63,0,0,1140
distribution_predicates,uniform_between_hotspot_band,false,true,zonemap_only,9,0.0159,71,0,0,660
distribution_predicates,uniform_between_nonhotspot_band,false,true,zonemap_only,9,0.0169,63,0,0,1140
distribution_predicates,hotspot_eq_hotspot_value,false,true,zonemap_only,9,0.0255,0,0,0,4883
distribution_predicates,hotspot_eq_nonhotspot_value,false,true,zonemap_only,9,0.0229,31,5,0,2999
distribution_predicates,hotspot_between_hotspot_band,false,true,zonemap_only,9,0.0267,0,0,0,4883
distribution_predicates,hotspot_between_nonhotspot_band,false,true,zonemap_only,9,0.0213,31,5,0,2999
distribution_predicates,uniform_eq_hotspot_value,false,true,zonemap_only,10,0.0155,71,0,0,660
distribution_predicates,uniform_eq_nonhotspot_value,false,true,zonemap_only,10,0.0155,63,0,0,1140
distribution_predicates,uniform_between_hotspot_band,false,true,zonemap_only,10,0.0157,71,0,0,660
distribution_predicates,uniform_between_nonhotspot_band,false,true,zonemap_only,10,0.0152,63,0,0,1140
distribution_predicates,hotspot_eq_hotspot_value,false,true,zonemap_only,10,0.0250,0,0,0,4883
distribution_predicates,hotspot_eq_nonhotspot_value,false,true,zonemap_only,10,0.0239,31,5,0,2999
distribution_predicates,hotspot_between_hotspot_band,false,true,zonemap_only,10,0.0247,0,0,0,4883
distribution_predicates,hotspot_between_nonhotspot_band,false,true,zonemap_only,10,0.0325,31,5,0,2999
distribution_predicates,uniform_eq_hotspot_value,true,false,sketch_only,1,0.0157,70,0,0,720
distribution_predicates,uniform_eq_nonhotspot_value,true,false,sketch_only,1,0.0138,63,0,0,1140
distribution_predicates,uniform_between_hotspot_band,true,false,sketch_only,1,0.0144,69,0,0,780
distribution_predicates,uniform_between_nonhotspot_band,true,false,sketch_only,1,0.0139,63,0,0,1140
distribution_predicates,hotspot_eq_hotspot_value,true,false,sketch_only,1,0.0284,0,0,0,4883
distribution_predicates,hotspot_eq_nonhotspot_value,true,false,sketch_only,1,0.0236,21,14,0,3528
distribution_predicates,hotspot_between_hotspot_band,true,false,sketch_only,1,0.0281,0,0,0,4883
distribution_predicates,hotspot_between_nonhotspot_band,true,false,sketch_only,1,0.0233,21,16,0,3418
distribution_predicates,uniform_eq_hotspot_value,true,false,sketch_only,2,0.0228,56,0,0,1560
distribution_predicates,uniform_eq_nonhotspot_value,true,false,sketch_only,2,0.0158,61,0,0,1260
distribution_predicates,uniform_between_hotspot_band,true,false,sketch_only,2,0.0159,71,0,0,660
distribution_predicates,uniform_between_nonhotspot_band,true,false,sketch_only,2,0.0157,62,0,0,1163
distribution_predicates,hotspot_eq_hotspot_value,true,false,sketch_only,2,0.0267,0,0,0,4883
distribution_predicates,hotspot_eq_nonhotspot_value,true,false,sketch_only,2,0.0267,21,17,0,3359
distribution_predicates,hotspot_between_hotspot_band,true,false,sketch_only,2,0.0299,0,0,0,4883
distribution_predicates,hotspot_between_nonhotspot_band,true,false,sketch_only,2,0.0255,21,15,0,3474
distribution_predicates,uniform_eq_hotspot_value,true,false,sketch_only,3,0.0152,71,0,0,660
distribution_predicates,uniform_eq_nonhotspot_value,true,false,sketch_only,3,0.0126,59,0,0,1380
distribution_predicates,uniform_between_hotspot_band,true,false,sketch_only,3,0.0129,71,0,0,660
distribution_predicates,uniform_between_nonhotspot_band,true,false,sketch_only,3,0.0186,63,0,0,1140
distribution_predicates,hotspot_eq_hotspot_value,true,false,sketch_only,3,0.0261,0,0,0,4883
distribution_predicates,hotspot_eq_nonhotspot_value,true,false,sketch_only,3,0.0266,21,14,0,3528
distribution_predicates,hotspot_between_hotspot_band,true,false,sketch_only,3,0.0273,0,0,0,4883
distribution_predicates,hotspot_between_nonhotspot_band,true,false,sketch_only,3,0.0234,21,16,0,3452
distribution_predicates,uniform_eq_hotspot_value,true,false,sketch_only,4,0.0111,69,0,0,780
distribution_predicates,uniform_eq_nonhotspot_value,true,false,sketch_only,4,0.0164,54,0,0,1680
distribution_predicates,uniform_between_hotspot_band,true,false,sketch_only,4,0.0157,71,0,0,660
distribution_predicates,uniform_between_nonhotspot_band,true,false,sketch_only,4,0.0148,61,0,0,1260
distribution_predicates,hotspot_eq_hotspot_value,true,false,sketch_only,4,0.0275,0,0,0,4883
distribution_predicates,hotspot_eq_nonhotspot_value,true,false,sketch_only,4,0.0242,21,14,0,3528
distribution_predicates,hotspot_between_hotspot_band,true,false,sketch_only,4,0.0288,0,0,0,4883
distribution_predicates,hotspot_between_nonhotspot_band,true,false,sketch_only,4,0.0245,21,14,0,3528
distribution_predicates,uniform_eq_hotspot_value,true,false,sketch_only,5,0.0163,71,0,0,660
distribution_predicates,uniform_eq_nonhotspot_value,true,false,sketch_only,5,0.0172,58,0,0,1440
distribution_predicates,uniform_between_hotspot_band,true,false,sketch_only,5,0.0169,71,0,0,660
distribution_predicates,uniform_between_nonhotspot_band,true,false,sketch_only,5,0.0126,61,0,0,1223
distribution_predicates,hotspot_eq_hotspot_value,true,false,sketch_only,5,0.0296,0,0,0,4883
distribution_predicates,hotspot_eq_nonhotspot_value,true,false,sketch_only,5,0.0284,21,14,0,3528
distribution_predicates,hotspot_between_hotspot_band,true,false,sketch_only,5,0.0286,0,0,0,4883
distribution_predicates,hotspot_between_nonhotspot_band,true,false,sketch_only,5,0.0243,21,14,0,3528
distribution_predicates,uniform_eq_hotspot_value,true,false,sketch_only,6,0.0160,71,0,0,660
distribution_predicates,uniform_eq_nonhotspot_value,true,false,sketch_only,6,0.0143,63,0,0,1140
distribution_predicates,uniform_between_hotspot_band,true,false,sketch_only,6,0.0160,70,0,0,720
distribution_predicates,uniform_between_nonhotspot_band,true,false,sketch_only,6,0.0168,61,0,0,1260
distribution_predicates,hotspot_eq_hotspot_value,true,false,sketch_only,6,0.0240,0,0,0,4883
distribution_predicates,hotspot_eq_nonhotspot_value,true,false,sketch_only,6,0.0236,21,14,0,3528
distribution_predicates,hotspot_between_hotspot_band,true,false,sketch_only,6,0.0263,0,0,0,4883
distribution_predicates,hotspot_between_nonhotspot_band,true,false,sketch_only,6,0.0239,21,14,0,3528
distribution_predicates,uniform_eq_hotspot_value,true,false,sketch_only,7,0.0146,71,0,0,660
distribution_predicates,uniform_eq_nonhotspot_value,true,false,sketch_only,7,0.0152,58,0,0,1440
distribution_predicates,uniform_between_hotspot_band,true,false,sketch_only,7,0.0138,71,0,0,660
distribution_predicates,uniform_between_nonhotspot_band,true,false,sketch_only,7,0.0176,63,0,0,1140
distribution_predicates,hotspot_eq_hotspot_value,true,false,sketch_only,7,0.0276,0,0,0,4883
distribution_predicates,hotspot_eq_nonhotspot_value,true,false,sketch_only,7,0.0263,21,14,0,3528
distribution_predicates,hotspot_between_hotspot_band,true,false,sketch_only,7,0.0359,0,0,0,4883
distribution_predicates,hotspot_between_nonhotspot_band,true,false,sketch_only,7,0.0216,21,16,0,3415
distribution_predicates,uniform_eq_hotspot_value,true,false,sketch_only,8,0.0166,70,0,0,720
distribution_predicates,uniform_eq_nonhotspot_value,true,false,sketch_only,8,0.0159,63,0,0,1140
distribution_predicates,uniform_between_hotspot_band,true,false,sketch_only,8,0.0152,71,0,0,660
distribution_predicates,uniform_between_nonhotspot_band,true,false,sketch_only,8,0.0149,63,0,0,1140
distribution_predicates,hotspot_eq_hotspot_value,true,false,sketch_only,8,0.0267,0,0,0,4883
distribution_predicates,hotspot_eq_nonhotspot_value,true,false,sketch_only,8,0.0249,21,16,0,3418
distribution_predicates,hotspot_between_hotspot_band,true,false,sketch_only,8,0.0323,0,0,0,4883
distribution_predicates,hotspot_between_nonhotspot_band,true,false,sketch_only,8,0.0261,21,14,0,3528
distribution_predicates,uniform_eq_hotspot_value,true,false,sketch_only,9,0.0172,70,0,0,720
distribution_predicates,uniform_eq_nonhotspot_value,true,false,sketch_only,9,0.0151,63,0,0,1140
distribution_predicates,uniform_between_hotspot_band,true,false,sketch_only,9,0.0149,69,0,0,780
distribution_predicates,uniform_between_nonhotspot_band,true,false,sketch_only,9,0.0170,63,0,0,1140
distribution_predicates,hotspot_eq_hotspot_value,true,false,sketch_only,9,0.0266,0,0,0,4883
distribution_predicates,hotspot_eq_nonhotspot_value,true,false,sketch_only,9,0.0252,21,14,0,3528
distribution_predicates,hotspot_between_hotspot_band,true,false,sketch_only,9,0.0279,0,0,0,4883
distribution_predicates,hotspot_between_nonhotspot_band,true,false,sketch_only,9,0.0260,21,18,0,3302
distribution_predicates,uniform_eq_hotspot_value,true,false,sketch_only,10,0.0151,70,0,0,720
distribution_predicates,uniform_eq_nonhotspot_value,true,false,sketch_only,10,0.0151,63,0,0,1140
distribution_predicates,uniform_between_hotspot_band,true,false,sketch_only,10,0.0141,68,0,0,803
distribution_predicates,uniform_between_nonhotspot_band,true,false,sketch_only,10,0.0138,63,0,0,1140
distribution_predicates,hotspot_eq_hotspot_value,true,false,sketch_only,10,0.0275,0,0,0,4883
distribution_predicates,hotspot_eq_nonhotspot_value,true,false,sketch_only,10,0.0205,21,17,0,3359
distribution_predicates,hotspot_between_hotspot_band,true,false,sketch_only,10,0.0299,0,0,0,4883
distribution_predicates,hotspot_between_nonhotspot_band,true,false,sketch_only,10,0.0248,21,14,0,3528
distribution_predicates,uniform_eq_hotspot_value,true,true,none,1,0.0159,71,0,0,660
distribution_predicates,uniform_eq_nonhotspot_value,true,true,none,1,0.0118,63,0,0,1140
distribution_predicates,uniform_between_hotspot_band,true,true,none,1,0.0168,70,0,0,720
distribution_predicates,uniform_between_nonhotspot_band,true,true,none,1,0.0151,63,0,0,1140
distribution_predicates,hotspot_eq_hotspot_value,true,true,none,1,0.0261,0,0,0,4883
distribution_predicates,hotspot_eq_nonhotspot_value,true,true,none,1,0.0271,21,14,0,3528
distribution_predicates,hotspot_between_hotspot_band,true,true,none,1,0.0298,0,0,0,4883
distribution_predicates,hotspot_between_nonhotspot_band,true,true,none,1,0.0274,21,16,0,3418
distribution_predicates,uniform_eq_hotspot_value,true,true,none,2,0.0154,68,0,0,840
distribution_predicates,uniform_eq_nonhotspot_value,true,true,none,2,0.0149,59,0,0,1380
distribution_predicates,uniform_between_hotspot_band,true,true,none,2,0.0168,69,0,0,780
distribution_predicates,uniform_between_nonhotspot_band,true,true,none,2,0.0168,63,0,0,1140
distribution_predicates,hotspot_eq_hotspot_value,true,true,none,2,0.0265,0,0,0,4883
distribution_predicates,hotspot_eq_nonhotspot_value,true,true,none,2,0.0249,21,17,0,3359
distribution_predicates,hotspot_between_hotspot_band,true,true,none,2,0.0279,0,0,0,4883
distribution_predicates,hotspot_between_nonhotspot_band,true,true,none,2,0.0259,21,15,0,3474
distribution_predicates,uniform_eq_hotspot_value,true,true,none,3,0.0135,71,0,0,660
distribution_predicates,uniform_eq_nonhotspot_value,true,true,none,3,0.0269,57,0,0,1463
distribution_predicates,uniform_between_hotspot_band,true,true,none,3,0.0147,68,0,0,840
distribution_predicates,uniform_between_nonhotspot_band,true,true,none,3,0.0145,60,0,0,1320
distribution_predicates,hotspot_eq_hotspot_value,true,true,none,3,0.0248,0,0,0,4883
distribution_predicates,hotspot_eq_nonhotspot_value,true,true,none,3,0.0247,21,19,0,3249
distribution_predicates,hotspot_between_hotspot_band,true,true,none,3,0.0295,0,0,0,4883
distribution_predicates,hotspot_between_nonhotspot_band,true,true,none,3,0.0277,21,15,0,3469
distribution_predicates,uniform_eq_hotspot_value,true,true,none,4,0.0152,67,0,0,900
distribution_predicates,uniform_eq_nonhotspot_value,true,true,none,4,0.0142,56,0,0,1560
distribution_predicates,uniform_between_hotspot_band,true,true,none,4,0.0154,71,0,0,660
distribution_predicates,uniform_between_nonhotspot_band,true,true,none,4,0.0154,63,0,0,1140
distribution_predicates,hotspot_eq_hotspot_value,true,true,none,4,0.0294,0,0,0,4883
distribution_predicates,hotspot_eq_nonhotspot_value,true,true,none,4,0.0225,21,14,0,3528
distribution_predicates,hotspot_between_hotspot_band,true,true,none,4,0.0319,0,0,0,4883
distribution_predicates,hotspot_between_nonhotspot_band,true,true,none,4,0.0193,21,15,0,3474
distribution_predicates,uniform_eq_hotspot_value,true,true,none,5,0.0175,71,0,0,660
distribution_predicates,uniform_eq_nonhotspot_value,true,true,none,5,0.0138,63,0,0,1140
distribution_predicates,uniform_between_hotspot_band,true,true,none,5,0.0114,70,0,0,683
distribution_predicates,uniform_between_nonhotspot_band,true,true,none,5,0.0151,62,0,0,1200
distribution_predicates,hotspot_eq_hotspot_value,true,true,none,5,0.0269,0,0,0,4883
distribution_predicates,hotspot_eq_nonhotspot_value,true,true,none,5,0.0260,21,14,0,3528
distribution_predicates,hotspot_between_hotspot_band,true,true,none,5,0.0300,0,0,0,4883
distribution_predicates,hotspot_between_nonhotspot_band,true,true,none,5,0.0251,21,16,0,3418
distribution_predicates,uniform_eq_hotspot_value,true,true,none,6,0.0138,70,0,0,720
distribution_predicates,uniform_eq_nonhotspot_value,true,true,none,6,0.0150,60,0,0,1283
distribution_predicates,uniform_between_hotspot_band,true,true,none,6,0.0161,69,0,0,780
distribution_predicates,uniform_between_nonhotspot_band,true,true,none,6,0.0171,63,0,0,1140
distribution_predicates,hotspot_eq_hotspot_value,true,true,none,6,0.0268,0,0,0,4883
distribution_predicates,hotspot_eq_nonhotspot_value,true,true,none,6,0.0249,21,17,0,3359
distribution_predicates,hotspot_between_hotspot_band,true,true,none,6,0.0244,0,0,0,4883
distribution_predicates,hotspot_between_nonhotspot_band,true,true,none,6,0.0269,21,14,0,3528
distribution_predicates,uniform_eq_hotspot_value,true,true,none,7,0.0161,70,0,0,720
distribution_predicates,uniform_eq_nonhotspot_value,true,true,none,7,0.0163,63,0,0,1140
distribution_predicates,uniform_between_hotspot_band,true,true,none,7,0.0155,71,0,0,660
distribution_predicates,uniform_between_nonhotspot_band,true,true,none,7,0.0128,59,0,0,1343
distribution_predicates,hotspot_eq_hotspot_value,true,true,none,7,0.0335,0,0,0,4883
distribution_predicates,hotspot_eq_nonhotspot_value,true,true,none,7,0.0266,21,16,0,3413
distribution_predicates,hotspot_between_hotspot_band,true,true,none,7,0.0343,0,0,0,4883
distribution_predicates,hotspot_between_nonhotspot_band,true,true,none,7,0.0253,21,14,0,3528
distribution_predicates,uniform_eq_hotspot_value,true,true,none,8,0.0156,71,0,0,660
distribution_predicates,uniform_eq_nonhotspot_value,true,true,none,8,0.0154,59,0,0,1380
distribution_predicates,uniform_between_hotspot_band,true,true,none,8,0.0180,71,0,0,660
distribution_predicates,uniform_between_nonhotspot_band,true,true,none,8,0.0161,63,0,0,1140
distribution_predicates,hotspot_eq_hotspot_value,true,true,none,8,0.0271,0,0,0,4883
distribution_predicates,hotspot_eq_nonhotspot_value,true,true,none,8,0.0246,21,17,0,3359
distribution_predicates,hotspot_between_hotspot_band,true,true,none,8,0.0273,0,0,0,4883
distribution_predicates,hotspot_between_nonhotspot_band,true,true,none,8,0.0268,21,14,0,3528
distribution_predicates,uniform_eq_hotspot_value,true,true,none,9,0.0113,66,0,0,960
distribution_predicates,uniform_eq_nonhotspot_value,true,true,none,9,0.0160,57,0,0,1463
distribution_predicates,uniform_between_hotspot_band,true,true,none,9,0.0137,68,0,0,840
distribution_predicates,uniform_between_nonhotspot_band,true,true,none,9,0.0119,59,0,0,1343
distribution_predicates,hotspot_eq_hotspot_value,true,true,none,9,0.0296,0,0,0,4883
distribution_predicates,hotspot_eq_nonhotspot_value,true,true,none,9,0.0240,21,16,0,3418
distribution_predicates,hotspot_between_hotspot_band,true,true,none,9,0.0290,0,0,0,4883
distribution_predicates,hotspot_between_nonhotspot_band,true,true,none,9,0.0271,21,18,0,3306
distribution_predicates,uniform_eq_hotspot_value,true,true,none,10,0.0163,71,0,0,660
distribution_predicates,uniform_eq_nonhotspot_value,true,true,none,10,0.0134,63,0,0,1140
distribution_predicates,uniform_between_hotspot_band,true,true,none,10,0.0122,71,0,0,660
distribution_predicates,uniform_between_nonhotspot_band,true,true,none,10,0.0160,62,0,0,1200
distribution_predicates,hotspot_eq_hotspot_value,true,true,none,10,0.0235,0,0,0,4883
distribution_predicates,hotspot_eq_nonhotspot_value,true,true,none,10,0.0272,21,15,0,3506
distribution_predicates,hotspot_between_hotspot_band,true,true,none,10,0.0312,0,0,0,4883
distribution_predicates,hotspot_between_nonhotspot_band,true,true,none,10,0.0307,21,17,0,3359
