suite,query_name,disable_zonemap,disable_segment_zonemap,disable_sketch,mode,run,total_time_s,row_groups_pruned_by_zonemap,segments_pruned_by_zonemap,segments_pruned_by_sketch,vectors_processed
layout_selectivity,random_0_1_pct,false,false,false,full,1,0.0659,0,0,0,4883
layout_selectivity,random_0_1_pct,false,false,false,full,2,0.0569,0,0,0,4883
layout_selectivity,random_0_1_pct,false,false,false,full,3,0.0590,0,0,0,4883
layout_selectivity,random_0_1_pct,false,false,false,full,4,0.0573,0,0,0,4883
layout_selectivity,random_0_1_pct,false,false,false,full,5,0.0556,0,0,0,4883
layout_selectivity,random_0_1_pct,false,false,false,full,6,0.0550,0,0,0,4883
layout_selectivity,random_0_1_pct,false,false,false,full,7,0.0550,0,0,0,4883
layout_selectivity,random_0_1_pct,false,false,false,full,8,0.0551,0,0,0,4883
layout_selectivity,random_0_1_pct,false,false,false,full,9,0.0553,0,0,0,4883
layout_selectivity,random_0_1_pct,false,false,false,full,10,0.0550,0,0,0,4883
layout_selectivity,random_1_pct,false,false,false,full,1,0.0991,0,0,0,4883
layout_selectivity,random_1_pct,false,false,false,full,2,0.0678,0,0,0,4883
layout_selectivity,random_1_pct,false,false,false,full,3,0.0663,0,0,0,4883
layout_selectivity,random_1_pct,false,false,false,full,4,0.0822,0,0,0,4883
layout_selectivity,random_1_pct,false,false,false,full,5,0.0753,0,0,0,4883
layout_selectivity,random_1_pct,false,false,false,full,6,0.0663,0,0,0,4883
layout_selectivity,random_1_pct,false,false,false,full,7,0.0642,0,0,0,4883
layout_selectivity,random_1_pct,false,false,false,full,8,0.0643,0,0,0,4883
layout_selectivity,random_1_pct,false,false,false,full,9,0.0631,0,0,0,4883
layout_selectivity,random_1_pct,false,false,false,full,10,0.0635,0,0,0,4883
layout_selectivity,random_5_pct,false,false,false,full,1,0.0747,0,0,0,4883
layout_selectivity,random_5_pct,false,false,false,full,2,0.0599,0,0,0,4883
layout_selectivity,random_5_pct,false,false,false,full,3,0.0604,0,0,0,4883
layout_selectivity,random_5_pct,false,false,false,full,4,0.0604,0,0,0,4883
layout_selectivity,random_5_pct,false,false,false,full,5,0.0600,0,0,0,4883
layout_selectivity,random_5_pct,false,false,false,full,6,0.0600,0,0,0,4883
layout_selectivity,random_5_pct,false,false,false,full,7,0.0603,0,0,0,4883
layout_selectivity,random_5_pct,false,false,false,full,8,0.0609,0,0,0,4883
layout_selectivity,random_5_pct,false,false,false,full,9,0.0615,0,0,0,4883
layout_selectivity,random_5_pct,false,false,false,full,10,0.0600,0,0,0,4883
layout_selectivity,random_10_pct,false,false,false,full,1,0.0785,0,0,0,4883
layout_selectivity,random_10_pct,false,false,false,full,2,0.0680,0,0,0,4883
layout_selectivity,random_10_pct,false,false,false,full,3,0.0678,0,0,0,4883
layout_selectivity,random_10_pct,false,false,false,full,4,0.0693,0,0,0,4883
layout_selectivity,random_10_pct,false,false,false,full,5,0.0678,0,0,0,4883
layout_selectivity,random_10_pct,false,false,false,full,6,0.0689,0,0,0,4883
layout_selectivity,random_10_pct,false,false,false,full,7,0.0678,0,0,0,4883
layout_selectivity,random_10_pct,false,false,false,full,8,0.0669,0,0,0,4883
layout_selectivity,random_10_pct,false,false,false,full,9,0.0675,0,0,0,4883
layout_selectivity,random_10_pct,false,false,false,full,10,0.0688,0,0,0,4883
layout_selectivity,random_20_pct,false,false,false,full,1,0.0915,0,0,0,4883
layout_selectivity,random_20_pct,false,false,false,full,2,0.0766,0,0,0,4883
layout_selectivity,random_20_pct,false,false,false,full,3,0.0766,0,0,0,4883
layout_selectivity,random_20_pct,false,false,false,full,4,0.0773,0,0,0,4883
layout_selectivity,random_20_pct,false,false,false,full,5,0.0773,0,0,0,4883
layout_selectivity,random_20_pct,false,false,false,full,6,0.0780,0,0,0,4883
layout_selectivity,random_20_pct,false,false,false,full,7,0.0770,0,0,0,4883
layout_selectivity,random_20_pct,false,false,false,full,8,0.0768,0,0,0,4883
layout_selectivity,random_20_pct,false,false,false,full,9,0.0777,0,0,0,4883
layout_selectivity,random_20_pct,false,false,false,full,10,0.0768,0,0,0,4883
layout_selectivity,random_50_pct,false,false,false,full,1,0.102,0,0,0,4883
layout_selectivity,random_50_pct,false,false,false,full,2,0.0899,0,0,0,4883
layout_selectivity,random_50_pct,false,false,false,full,3,0.0890,0,0,0,4883
layout_selectivity,random_50_pct,false,false,false,full,4,0.0888,0,0,0,4883
layout_selectivity,random_50_pct,false,false,false,full,5,0.0887,0,0,0,4883
layout_selectivity,random_50_pct,false,false,false,full,6,0.0885,0,0,0,4883
layout_selectivity,random_50_pct,false,false,false,full,7,0.0904,0,0,0,4883
layout_selectivity,random_50_pct,false,false,false,full,8,0.0893,0,0,0,4883
layout_selectivity,random_50_pct,false,false,false,full,9,0.0882,0,0,0,4883
layout_selectivity,random_50_pct,false,false,false,full,10,0.0877,0,0,0,4883
layout_selectivity,random_90_pct,false,false,false,full,1,0.0016,0,0,4883,1
layout_selectivity,random_90_pct,false,false,false,full,2,0.0015,0,0,4883,1
layout_selectivity,random_90_pct,false,false,false,full,3,0.0009,0,0,4883,1
layout_selectivity,random_90_pct,false,false,false,full,4,0.0008,0,0,4883,1
layout_selectivity,random_90_pct,false,false,false,full,5,0.0008,0,0,4883,1
layout_selectivity,random_90_pct,false,false,false,full,6,0.0008,0,0,4883,1
layout_selectivity,random_90_pct,false,false,false,full,7,0.0008,0,0,4883,1
layout_selectivity,random_90_pct,false,false,false,full,8,0.0008,0,0,4883,1
layout_selectivity,random_90_pct,false,false,false,full,9,0.0008,0,0,4883,1
layout_selectivity,random_90_pct,false,false,false,full,10,0.0008,0,0,4883,1
layout_selectivity,sorted_0_1_pct,false,false,false,full,1,0.0004,81,0,54,6
layout_selectivity,sorted_0_1_pct,false,false,false,full,2,0.0002,81,0,54,6
layout_selectivity,sorted_0_1_pct,false,false,false,full,3,0.0002,81,0,54,6
layout_selectivity,sorted_0_1_pct,false,false,false,full,4,0.0002,81,0,54,6
layout_selectivity,sorted_0_1_pct,false,false,false,full,5,0.0002,81,0,54,6
layout_selectivity,sorted_0_1_pct,false,false,false,full,6,0.0002,81,0,54,6
layout_selectivity,sorted_0_1_pct,false,false,false,full,7,0.0002,81,0,54,6
layout_selectivity,sorted_0_1_pct,false,false,false,full,8,0.0002,81,0,54,6
layout_selectivity,sorted_0_1_pct,false,false,false,full,9,0.0002,81,0,54,6
layout_selectivity,sorted_0_1_pct,false,false,false,full,10,0.0002,81,0,54,6
layout_selectivity,sorted_1_pct,false,false,false,full,1,0.0006,81,0,10,50
layout_selectivity,sorted_1_pct,false,false,false,full,2,0.0004,81,0,10,50
layout_selectivity,sorted_1_pct,false,false,false,full,3,0.0004,81,0,10,50
layout_selectivity,sorted_1_pct,false,false,false,full,4,0.0004,81,0,10,50
layout_selectivity,sorted_1_pct,false,false,false,full,5,0.0004,81,0,10,50
layout_selectivity,sorted_1_pct,false,false,false,full,6,0.0004,81,0,10,50
layout_selectivity,sorted_1_pct,false,false,false,full,7,0.0004,81,0,10,50
layout_selectivity,sorted_1_pct,false,false,false,full,8,0.0035,81,0,10,50
layout_selectivity,sorted_1_pct,false,false,false,full,9,0.0004,81,0,10,50
layout_selectivity,sorted_1_pct,false,false,false,full,10,0.0004,81,0,10,50
layout_selectivity,sorted_5_pct,false,false,false,full,1,0.0028,77,0,55,245
layout_selectivity,sorted_5_pct,false,false,false,full,2,0.0017,77,0,55,245
layout_selectivity,sorted_5_pct,false,false,false,full,3,0.0016,77,0,55,245
layout_selectivity,sorted_5_pct,false,false,false,full,4,0.0015,77,0,55,245
layout_selectivity,sorted_5_pct,false,false,false,full,5,0.0015,77,0,55,245
layout_selectivity,sorted_5_pct,false,false,false,full,6,0.0015,77,0,55,245
layout_selectivity,sorted_5_pct,false,false,false,full,7,0.0015,77,0,55,245
layout_selectivity,sorted_5_pct,false,false,false,full,8,0.0015,77,0,55,245
layout_selectivity,sorted_5_pct,false,false,false,full,9,0.0015,77,0,55,245
layout_selectivity,sorted_5_pct,false,false,false,full,10,0.0015,77,0,55,245
layout_selectivity,sorted_10_pct,false,false,false,full,1,0.0050,73,0,51,489
layout_selectivity,sorted_10_pct,false,false,false,full,2,0.0032,73,0,51,489
layout_selectivity,sorted_10_pct,false,false,false,full,3,0.0030,73,0,51,489
layout_selectivity,sorted_10_pct,false,false,false,full,4,0.0029,73,0,51,489
layout_selectivity,sorted_10_pct,false,false,false,full,5,0.0029,73,0,51,489
layout_selectivity,sorted_10_pct,false,false,false,full,6,0.0028,73,0,51,489
layout_selectivity,sorted_10_pct,false,false,false,full,7,0.0029,73,0,51,489
layout_selectivity,sorted_10_pct,false,false,false,full,8,0.0029,73,0,51,489
layout_selectivity,sorted_10_pct,false,false,false,full,9,0.0028,73,0,51,489
layout_selectivity,sorted_10_pct,false,false,false,full,10,0.0028,73,0,51,489
layout_selectivity,sorted_20_pct,false,false,false,full,1,0.0094,65,0,43,977
layout_selectivity,sorted_20_pct,false,false,false,full,2,0.0066,65,0,43,977
layout_selectivity,sorted_20_pct,false,false,false,full,3,0.0063,65,0,43,977
layout_selectivity,sorted_20_pct,false,false,false,full,4,0.0061,65,0,43,977
layout_selectivity,sorted_20_pct,false,false,false,full,5,0.0062,65,0,43,977
layout_selectivity,sorted_20_pct,false,false,false,full,6,0.0061,65,0,43,977
layout_selectivity,sorted_20_pct,false,false,false,full,7,0.0061,65,0,43,977
layout_selectivity,sorted_20_pct,false,false,false,full,8,0.0060,65,0,43,977
layout_selectivity,sorted_20_pct,false,false,false,full,9,0.0060,65,0,43,977
layout_selectivity,sorted_20_pct,false,false,false,full,10,0.0059,65,0,43,977
layout_selectivity,sorted_50_pct,false,false,false,full,1,0.0238,41,0,18,2442
layout_selectivity,sorted_50_pct,false,false,false,full,2,0.0176,41,0,18,2442
layout_selectivity,sorted_50_pct,false,false,false,full,3,0.0177,41,0,18,2442
layout_selectivity,sorted_50_pct,false,false,false,full,4,0.0177,41,0,18,2442
layout_selectivity,sorted_50_pct,false,false,false,full,5,0.0176,41,0,18,2442
layout_selectivity,sorted_50_pct,false,false,false,full,6,0.0176,41,0,18,2442
layout_selectivity,sorted_50_pct,false,false,false,full,7,0.0176,41,0,18,2442
layout_selectivity,sorted_50_pct,false,false,false,full,8,0.0177,41,0,18,2442
layout_selectivity,sorted_50_pct,false,false,false,full,9,0.0180,41,0,18,2442
layout_selectivity,sorted_50_pct,false,false,false,full,10,0.0191,41,0,18,2442
layout_selectivity,sorted_90_pct,false,false,false,full,1,0.0017,8,0,4440,0
layout_selectivity,sorted_90_pct,false,false,false,full,2,0.0016,8,0,4440,0
layout_selectivity,sorted_90_pct,false,false,false,full,3,0.0011,8,0,4440,0
layout_selectivity,sorted_90_pct,false,false,false,full,4,0.0011,8,0,4440,0
layout_selectivity,sorted_90_pct,false,false,false,full,5,0.0009,8,0,4440,0
layout_selectivity,sorted_90_pct,false,false,false,full,6,0.0009,8,0,4440,0
layout_selectivity,sorted_90_pct,false,false,false,full,7,0.0008,8,0,4440,0
layout_selectivity,sorted_90_pct,false,false,false,full,8,0.0008,8,0,4440,0
layout_selectivity,sorted_90_pct,false,false,false,full,9,0.0008,8,0,4440,0
layout_selectivity,sorted_90_pct,false,false,false,full,10,0.0007,8,0,4440,0
layout_selectivity,block_0_1_pct,false,false,false,full,1,0.0004,81,0,54,6
layout_selectivity,block_0_1_pct,false,false,false,full,2,0.0002,81,0,54,6
layout_selectivity,block_0_1_pct,false,false,false,full,3,0.0002,81,0,54,6
layout_selectivity,block_0_1_pct,false,false,false,full,4,0.0002,81,0,54,6
layout_selectivity,block_0_1_pct,false,false,false,full,5,0.0002,81,0,54,6
layout_selectivity,block_0_1_pct,false,false,false,full,6,0.0002,81,0,54,6
layout_selectivity,block_0_1_pct,false,false,false,full,7,0.0002,81,0,54,6
layout_selectivity,block_0_1_pct,false,false,false,full,8,0.0001,81,0,54,6
layout_selectivity,block_0_1_pct,false,false,false,full,9,0.0002,81,0,54,6
layout_selectivity,block_0_1_pct,false,false,false,full,10,0.0002,81,0,54,6
layout_selectivity,block_1_pct,false,false,false,full,1,0.0005,81,0,10,50
layout_selectivity,block_1_pct,false,false,false,full,2,0.0004,81,0,10,50
layout_selectivity,block_1_pct,false,false,false,full,3,0.0004,81,0,10,50
layout_selectivity,block_1_pct,false,false,false,full,4,0.0003,81,0,10,50
layout_selectivity,block_1_pct,false,false,false,full,5,0.0003,81,0,10,50
layout_selectivity,block_1_pct,false,false,false,full,6,0.0003,81,0,10,50
layout_selectivity,block_1_pct,false,false,false,full,7,0.0003,81,0,10,50
layout_selectivity,block_1_pct,false,false,false,full,8,0.0003,81,0,10,50
layout_selectivity,block_1_pct,false,false,false,full,9,0.0003,81,0,10,50
layout_selectivity,block_1_pct,false,false,false,full,10,0.0003,81,0,10,50
layout_selectivity,block_5_pct,false,false,false,full,1,0.0026,77,0,55,245
layout_selectivity,block_5_pct,false,false,false,full,2,0.0016,77,0,55,245
layout_selectivity,block_5_pct,false,false,false,full,3,0.0015,77,0,55,245
layout_selectivity,block_5_pct,false,false,false,full,4,0.0015,77,0,55,245
layout_selectivity,block_5_pct,false,false,false,full,5,0.0015,77,0,55,245
layout_selectivity,block_5_pct,false,false,false,full,6,0.0015,77,0,55,245
layout_selectivity,block_5_pct,false,false,false,full,7,0.0015,77,0,55,245
layout_selectivity,block_5_pct,false,false,false,full,8,0.0014,77,0,55,245
layout_selectivity,block_5_pct,false,false,false,full,9,0.0015,77,0,55,245
layout_selectivity,block_5_pct,false,false,false,full,10,0.0015,77,0,55,245
layout_selectivity,block_10_pct,false,false,false,full,1,0.0046,73,0,51,489
layout_selectivity,block_10_pct,false,false,false,full,2,0.0030,73,0,51,489
layout_selectivity,block_10_pct,false,false,false,full,3,0.0028,73,0,51,489
layout_selectivity,block_10_pct,false,false,false,full,4,0.0027,73,0,51,489
layout_selectivity,block_10_pct,false,false,false,full,5,0.0027,73,0,51,489
layout_selectivity,block_10_pct,false,false,false,full,6,0.0027,73,0,51,489
layout_selectivity,block_10_pct,false,false,false,full,7,0.0027,73,0,51,489
layout_selectivity,block_10_pct,false,false,false,full,8,0.0027,73,0,51,489
layout_selectivity,block_10_pct,false,false,false,full,9,0.0027,73,0,51,489
layout_selectivity,block_10_pct,false,false,false,full,10,0.0027,73,0,51,489
layout_selectivity,block_20_pct,false,false,false,full,1,0.0094,65,0,43,977
layout_selectivity,block_20_pct,false,false,false,full,2,0.0065,65,0,43,977
layout_selectivity,block_20_pct,false,false,false,full,3,0.0062,65,0,43,977
layout_selectivity,block_20_pct,false,false,false,full,4,0.0060,65,0,43,977
layout_selectivity,block_20_pct,false,false,false,full,5,0.0060,65,0,43,977
layout_selectivity,block_20_pct,false,false,false,full,6,0.0060,65,0,43,977
layout_selectivity,block_20_pct,false,false,false,full,7,0.0059,65,0,43,977
layout_selectivity,block_20_pct,false,false,false,full,8,0.0059,65,0,43,977
layout_selectivity,block_20_pct,false,false,false,full,9,0.0059,65,0,43,977
layout_selectivity,block_20_pct,false,false,false,full,10,0.0059,65,0,43,977
layout_selectivity,block_50_pct,false,false,false,full,1,0.0237,41,0,18,2442
layout_selectivity,block_50_pct,false,false,false,full,2,0.0171,41,0,18,2442
layout_selectivity,block_50_pct,false,false,false,full,3,0.0169,41,0,18,2442
layout_selectivity,block_50_pct,false,false,false,full,4,0.0169,41,0,18,2442
layout_selectivity,block_50_pct,false,false,false,full,5,0.0169,41,0,18,2442
layout_selectivity,block_50_pct,false,false,false,full,6,0.0171,41,0,18,2442
layout_selectivity,block_50_pct,false,false,false,full,7,0.0171,41,0,18,2442
layout_selectivity,block_50_pct,false,false,false,full,8,0.0172,41,0,18,2442
layout_selectivity,block_50_pct,false,false,false,full,9,0.0169,41,0,18,2442
layout_selectivity,block_50_pct,false,false,false,full,10,0.0172,41,0,18,2442
layout_selectivity,block_90_pct,false,false,false,full,1,0.0014,8,0,4440,0
layout_selectivity,block_90_pct,false,false,false,full,2,0.0013,8,0,4440,0
layout_selectivity,block_90_pct,false,false,false,full,3,0.0008,8,0,4440,0
layout_selectivity,block_90_pct,false,false,false,full,4,0.0008,8,0,4440,0
layout_selectivity,block_90_pct,false,false,false,full,5,0.0007,8,0,4440,0
layout_selectivity,block_90_pct,false,false,false,full,6,0.0007,8,0,4440,0
layout_selectivity,block_90_pct,false,false,false,full,7,0.0007,8,0,4440,0
layout_selectivity,block_90_pct,false,false,false,full,8,0.0007,8,0,4440,0
layout_selectivity,block_90_pct,false,false,false,full,9,0.0007,8,0,4440,0
layout_selectivity,block_90_pct,false,false,false,full,10,0.0007,8,0,4440,0
layout_selectivity,random_0_1_pct,false,false,true,zonemap_only,1,0.0429,0,0,0,4883
layout_selectivity,random_0_1_pct,false,false,true,zonemap_only,2,0.0428,0,0,0,4883
layout_selectivity,random_0_1_pct,false,false,true,zonemap_only,3,0.0431,0,0,0,4883
layout_selectivity,random_0_1_pct,false,false,true,zonemap_only,4,0.0432,0,0,0,4883
layout_selectivity,random_0_1_pct,false,false,true,zonemap_only,5,0.0427,0,0,0,4883
layout_selectivity,random_0_1_pct,false,false,true,zonemap_only,6,0.0425,0,0,0,4883
layout_selectivity,random_0_1_pct,false,false,true,zonemap_only,7,0.0427,0,0,0,4883
layout_selectivity,random_0_1_pct,false,false,true,zonemap_only,8,0.0427,0,0,0,4883
layout_selectivity,random_0_1_pct,false,false,true,zonemap_only,9,0.0428,0,0,0,4883
layout_selectivity,random_0_1_pct,false,false,true,zonemap_only,10,0.0428,0,0,0,4883
layout_selectivity,random_1_pct,false,false,true,zonemap_only,1,0.0431,0,0,0,4883
layout_selectivity,random_1_pct,false,false,true,zonemap_only,2,0.0432,0,0,0,4883
layout_selectivity,random_1_pct,false,false,true,zonemap_only,3,0.0443,0,0,0,4883
layout_selectivity,random_1_pct,false,false,true,zonemap_only,4,0.0419,0,0,0,4883
layout_selectivity,random_1_pct,false,false,true,zonemap_only,5,0.0420,0,0,0,4883
layout_selectivity,random_1_pct,false,false,true,zonemap_only,6,0.0426,0,0,0,4883
layout_selectivity,random_1_pct,false,false,true,zonemap_only,7,0.0422,0,0,0,4883
layout_selectivity,random_1_pct,false,false,true,zonemap_only,8,0.0424,0,0,0,4883
layout_selectivity,random_1_pct,false,false,true,zonemap_only,9,0.0417,0,0,0,4883
layout_selectivity,random_1_pct,false,false,true,zonemap_only,10,0.0419,0,0,0,4883
layout_selectivity,random_5_pct,false,false,true,zonemap_only,1,0.0464,0,0,0,4883
layout_selectivity,random_5_pct,false,false,true,zonemap_only,2,0.0462,0,0,0,4883
layout_selectivity,random_5_pct,false,false,true,zonemap_only,3,0.0463,0,0,0,4883
layout_selectivity,random_5_pct,false,false,true,zonemap_only,4,0.0463,0,0,0,4883
layout_selectivity,random_5_pct,false,false,true,zonemap_only,5,0.0466,0,0,0,4883
layout_selectivity,random_5_pct,false,false,true,zonemap_only,6,0.0471,0,0,0,4883
layout_selectivity,random_5_pct,false,false,true,zonemap_only,7,0.0463,0,0,0,4883
layout_selectivity,random_5_pct,false,false,true,zonemap_only,8,0.0466,0,0,0,4883
layout_selectivity,random_5_pct,false,false,true,zonemap_only,9,0.0465,0,0,0,4883
layout_selectivity,random_5_pct,false,false,true,zonemap_only,10,0.0461,0,0,0,4883
layout_selectivity,random_10_pct,false,false,true,zonemap_only,1,0.0506,0,0,0,4883
layout_selectivity,random_10_pct,false,false,true,zonemap_only,2,0.0508,0,0,0,4883
layout_selectivity,random_10_pct,false,false,true,zonemap_only,3,0.0502,0,0,0,4883
layout_selectivity,random_10_pct,false,false,true,zonemap_only,4,0.0501,0,0,0,4883
layout_selectivity,random_10_pct,false,false,true,zonemap_only,5,0.0511,0,0,0,4883
layout_selectivity,random_10_pct,false,false,true,zonemap_only,6,0.0504,0,0,0,4883
layout_selectivity,random_10_pct,false,false,true,zonemap_only,7,0.0499,0,0,0,4883
layout_selectivity,random_10_pct,false,false,true,zonemap_only,8,0.0502,0,0,0,4883
layout_selectivity,random_10_pct,false,false,true,zonemap_only,9,0.0503,0,0,0,4883
layout_selectivity,random_10_pct,false,false,true,zonemap_only,10,0.0503,0,0,0,4883
layout_selectivity,random_20_pct,false,false,true,zonemap_only,1,0.0617,0,0,0,4883
layout_selectivity,random_20_pct,false,false,true,zonemap_only,2,0.0607,0,0,0,4883
layout_selectivity,random_20_pct,false,false,true,zonemap_only,3,0.0605,0,0,0,4883
layout_selectivity,random_20_pct,false,false,true,zonemap_only,4,0.0600,0,0,0,4883
layout_selectivity,random_20_pct,false,false,true,zonemap_only,5,0.0604,0,0,0,4883
layout_selectivity,random_20_pct,false,false,true,zonemap_only,6,0.0600,0,0,0,4883
layout_selectivity,random_20_pct,false,false,true,zonemap_only,7,0.0604,0,0,0,4883
layout_selectivity,random_20_pct,false,false,true,zonemap_only,8,0.0605,0,0,0,4883
layout_selectivity,random_20_pct,false,false,true,zonemap_only,9,0.0599,0,0,0,4883
layout_selectivity,random_20_pct,false,false,true,zonemap_only,10,0.0604,0,0,0,4883
layout_selectivity,random_50_pct,false,false,true,zonemap_only,1,0.0700,0,0,0,4883
layout_selectivity,random_50_pct,false,false,true,zonemap_only,2,0.0701,0,0,0,4883
layout_selectivity,random_50_pct,false,false,true,zonemap_only,3,0.0698,0,0,0,4883
layout_selectivity,random_50_pct,false,false,true,zonemap_only,4,0.0692,0,0,0,4883
layout_selectivity,random_50_pct,false,false,true,zonemap_only,5,0.0693,0,0,0,4883
layout_selectivity,random_50_pct,false,false,true,zonemap_only,6,0.0710,0,0,0,4883
layout_selectivity,random_50_pct,false,false,true,zonemap_only,7,0.0695,0,0,0,4883
layout_selectivity,random_50_pct,false,false,true,zonemap_only,8,0.0694,0,0,0,4883
layout_selectivity,random_50_pct,false,false,true,zonemap_only,9,0.0703,0,0,0,4883
layout_selectivity,random_50_pct,false,false,true,zonemap_only,10,0.0724,0,0,0,4883
layout_selectivity,random_90_pct,false,false,true,zonemap_only,1,0.0379,0,0,0,4883
layout_selectivity,random_90_pct,false,false,true,zonemap_only,2,0.0392,0,0,0,4883
layout_selectivity,random_90_pct,false,false,true,zonemap_only,3,0.0407,0,0,0,4883
layout_selectivity,random_90_pct,false,false,true,zonemap_only,4,0.0406,0,0,0,4883
layout_selectivity,random_90_pct,false,false,true,zonemap_only,5,0.0405,0,0,0,4883
layout_selectivity,random_90_pct,false,false,true,zonemap_only,6,0.0398,0,0,0,4883
layout_selectivity,random_90_pct,false,false,true,zonemap_only,7,0.0398,0,0,0,4883
layout_selectivity,random_90_pct,false,false,true,zonemap_only,8,0.0398,0,0,0,4883
layout_selectivity,random_90_pct,false,false,true,zonemap_only,9,0.0394,0,0,0,4883
layout_selectivity,random_90_pct,false,false,true,zonemap_only,10,0.0394,0,0,0,4883
layout_selectivity,sorted_0_1_pct,false,false,true,zonemap_only,1,0.0005,81,0,0,60
layout_selectivity,sorted_0_1_pct,false,false,true,zonemap_only,2,0.0005,81,0,0,60
layout_selectivity,sorted_0_1_pct,false,false,true,zonemap_only,3,0.0005,81,0,0,60
layout_selectivity,sorted_0_1_pct,false,false,true,zonemap_only,4,0.0005,81,0,0,60
layout_selectivity,sorted_0_1_pct,false,false,true,zonemap_only,5,0.0005,81,0,0,60
layout_selectivity,sorted_0_1_pct,false,false,true,zonemap_only,6,0.0005,81,0,0,60
layout_selectivity,sorted_0_1_pct,false,false,true,zonemap_only,7,0.0005,81,0,0,60
layout_selectivity,sorted_0_1_pct,false,false,true,zonemap_only,8,0.0005,81,0,0,60
layout_selectivity,sorted_0_1_pct,false,false,true,zonemap_only,9,0.0005,81,0,0,60
layout_selectivity,sorted_0_1_pct,false,false,true,zonemap_only,10,0.0005,81,0,0,60
layout_selectivity,sorted_1_pct,false,false,true,zonemap_only,1,0.0005,81,0,0,60
layout_selectivity,sorted_1_pct,false,false,true,zonemap_only,2,0.0005,81,0,0,60
layout_selectivity,sorted_1_pct,false,false,true,zonemap_only,3,0.0005,81,0,0,60
layout_selectivity,sorted_1_pct,false,false,true,zonemap_only,4,0.0005,81,0,0,60
layout_selectivity,sorted_1_pct,false,false,true,zonemap_only,5,0.0005,81,0,0,60
layout_selectivity,sorted_1_pct,false,false,true,zonemap_only,6,0.0005,81,0,0,60
layout_selectivity,sorted_1_pct,false,false,true,zonemap_only,7,0.0004,81,0,0,60
layout_selectivity,sorted_1_pct,false,false,true,zonemap_only,8,0.0004,81,0,0,60
layout_selectivity,sorted_1_pct,false,false,true,zonemap_only,9,0.0004,81,0,0,60
layout_selectivity,sorted_1_pct,false,false,true,zonemap_only,10,0.0004,81,0,0,60
layout_selectivity,sorted_5_pct,false,false,true,zonemap_only,1,0.0020,77,0,0,300
layout_selectivity,sorted_5_pct,false,false,true,zonemap_only,2,0.0020,77,0,0,300
layout_selectivity,sorted_5_pct,false,false,true,zonemap_only,3,0.0020,77,0,0,300
layout_selectivity,sorted_5_pct,false,false,true,zonemap_only,4,0.0019,77,0,0,300
layout_selectivity,sorted_5_pct,false,false,true,zonemap_only,5,0.0019,77,0,0,300
layout_selectivity,sorted_5_pct,false,false,true,zonemap_only,6,0.0019,77,0,0,300
layout_selectivity,sorted_5_pct,false,false,true,zonemap_only,7,0.0019,77,0,0,300
layout_selectivity,sorted_5_pct,false,false,true,zonemap_only,8,0.0020,77,0,0,300
layout_selectivity,sorted_5_pct,false,false,true,zonemap_only,9,0.0020,77,0,0,300
layout_selectivity,sorted_5_pct,false,false,true,zonemap_only,10,0.0019,77,0,0,300
layout_selectivity,sorted_10_pct,false,false,true,zonemap_only,1,0.0037,73,0,0,540
layout_selectivity,sorted_10_pct,false,false,true,zonemap_only,2,0.0036,73,0,0,540
layout_selectivity,sorted_10_pct,false,false,true,zonemap_only,3,0.0035,73,0,0,540
layout_selectivity,sorted_10_pct,false,false,true,zonemap_only,4,0.0035,73,0,0,540
layout_selectivity,sorted_10_pct,false,false,true,zonemap_only,5,0.0036,73,0,0,540
layout_selectivity,sorted_10_pct,false,false,true,zonemap_only,6,0.0035,73,0,0,540
layout_selectivity,sorted_10_pct,false,false,true,zonemap_only,7,0.0035,73,0,0,540
layout_selectivity,sorted_10_pct,false,false,true,zonemap_only,8,0.0035,73,0,0,540
layout_selectivity,sorted_10_pct,false,false,true,zonemap_only,9,0.0035,73,0,0,540
layout_selectivity,sorted_10_pct,false,false,true,zonemap_only,10,0.0035,73,0,0,540
layout_selectivity,sorted_20_pct,false,false,true,zonemap_only,1,0.0071,65,0,0,1020
layout_selectivity,sorted_20_pct,false,false,true,zonemap_only,2,0.0069,65,0,0,1020
layout_selectivity,sorted_20_pct,false,false,true,zonemap_only,3,0.0068,65,0,0,1020
layout_selectivity,sorted_20_pct,false,false,true,zonemap_only,4,0.0069,65,0,0,1020
layout_selectivity,sorted_20_pct,false,false,true,zonemap_only,5,0.0068,65,0,0,1020
layout_selectivity,sorted_20_pct,false,false,true,zonemap_only,6,0.0068,65,0,0,1020
layout_selectivity,sorted_20_pct,false,false,true,zonemap_only,7,0.0068,65,0,0,1020
layout_selectivity,sorted_20_pct,false,false,true,zonemap_only,8,0.0068,65,0,0,1020
layout_selectivity,sorted_20_pct,false,false,true,zonemap_only,9,0.0067,65,0,0,1020
layout_selectivity,sorted_20_pct,false,false,true,zonemap_only,10,0.0067,65,0,0,1020
layout_selectivity,sorted_50_pct,false,false,true,zonemap_only,1,0.0164,41,0,0,2460
layout_selectivity,sorted_50_pct,false,false,true,zonemap_only,2,0.0163,41,0,0,2460
layout_selectivity,sorted_50_pct,false,false,true,zonemap_only,3,0.0167,41,0,0,2460
layout_selectivity,sorted_50_pct,false,false,true,zonemap_only,4,0.0163,41,0,0,2460
layout_selectivity,sorted_50_pct,false,false,true,zonemap_only,5,0.0164,41,0,0,2460
layout_selectivity,sorted_50_pct,false,false,true,zonemap_only,6,0.0163,41,0,0,2460
layout_selectivity,sorted_50_pct,false,false,true,zonemap_only,7,0.0161,41,0,0,2460
layout_selectivity,sorted_50_pct,false,false,true,zonemap_only,8,0.0162,41,0,0,2460
layout_selectivity,sorted_50_pct,false,false,true,zonemap_only,9,0.0162,41,0,0,2460
layout_selectivity,sorted_50_pct,false,false,true,zonemap_only,10,0.0160,41,0,0,2460
layout_selectivity,sorted_90_pct,false,false,true,zonemap_only,1,0.0289,8,0,0,4440
layout_selectivity,sorted_90_pct,false,false,true,zonemap_only,2,0.0294,8,0,0,4440
layout_selectivity,sorted_90_pct,false,false,true,zonemap_only,3,0.0287,8,0,0,4440
layout_selectivity,sorted_90_pct,false,false,true,zonemap_only,4,0.0289,8,0,0,4440
layout_selectivity,sorted_90_pct,false,false,true,zonemap_only,5,0.0286,8,0,0,4440
layout_selectivity,sorted_90_pct,false,false,true,zonemap_only,6,0.0285,8,0,0,4440
layout_selectivity,sorted_90_pct,false,false,true,zonemap_only,7,0.0290,8,0,0,4440
layout_selectivity,sorted_90_pct,false,false,true,zonemap_only,8,0.0291,8,0,0,4440
layout_selectivity,sorted_90_pct,false,false,true,zonemap_only,9,0.0286,8,0,0,4440
layout_selectivity,sorted_90_pct,false,false,true,zonemap_only,10,0.0284,8,0,0,4440
layout_selectivity,block_0_1_pct,false,false,true,zonemap_only,1,0.0005,81,0,0,60
layout_selectivity,block_0_1_pct,false,false,true,zonemap_only,2,0.0005,81,0,0,60
layout_selectivity,block_0_1_pct,false,false,true,zonemap_only,3,0.0005,81,0,0,60
layout_selectivity,block_0_1_pct,false,false,true,zonemap_only,4,0.0005,81,0,0,60
layout_selectivity,block_0_1_pct,false,false,true,zonemap_only,5,0.0005,81,0,0,60
layout_selectivity,block_0_1_pct,false,false,true,zonemap_only,6,0.0005,81,0,0,60
layout_selectivity,block_0_1_pct,false,false,true,zonemap_only,7,0.0005,81,0,0,60
layout_selectivity,block_0_1_pct,false,false,true,zonemap_only,8,0.0005,81,0,0,60
layout_selectivity,block_0_1_pct,false,false,true,zonemap_only,9,0.0005,81,0,0,60
layout_selectivity,block_0_1_pct,false,false,true,zonemap_only,10,0.0005,81,0,0,60
layout_selectivity,block_1_pct,false,false,true,zonemap_only,1,0.0005,81,0,0,60
layout_selectivity,block_1_pct,false,false,true,zonemap_only,2,0.0005,81,0,0,60
layout_selectivity,block_1_pct,false,false,true,zonemap_only,3,0.0005,81,0,0,60
layout_selectivity,block_1_pct,false,false,true,zonemap_only,4,0.0005,81,0,0,60
layout_selectivity,block_1_pct,false,false,true,zonemap_only,5,0.0005,81,0,0,60
layout_selectivity,block_1_pct,false,false,true,zonemap_only,6,0.0005,81,0,0,60
layout_selectivity,block_1_pct,false,false,true,zonemap_only,7,0.0005,81,0,0,60
layout_selectivity,block_1_pct,false,false,true,zonemap_only,8,0.0005,81,0,0,60
layout_selectivity,block_1_pct,false,false,true,zonemap_only,9,0.0005,81,0,0,60
layout_selectivity,block_1_pct,false,false,true,zonemap_only,10,0.0005,81,0,0,60
layout_selectivity,block_5_pct,false,false,true,zonemap_only,1,0.0021,77,0,0,300
layout_selectivity,block_5_pct,false,false,true,zonemap_only,2,0.0020,77,0,0,300
layout_selectivity,block_5_pct,false,false,true,zonemap_only,3,0.0020,77,0,0,300
layout_selectivity,block_5_pct,false,false,true,zonemap_only,4,0.0020,77,0,0,300
layout_selectivity,block_5_pct,false,false,true,zonemap_only,5,0.0020,77,0,0,300
layout_selectivity,block_5_pct,false,false,true,zonemap_only,6,0.0020,77,0,0,300
layout_selectivity,block_5_pct,false,false,true,zonemap_only,7,0.0020,77,0,0,300
layout_selectivity,block_5_pct,false,false,true,zonemap_only,8,0.0020,77,0,0,300
layout_selectivity,block_5_pct,false,false,true,zonemap_only,9,0.0020,77,0,0,300
layout_selectivity,block_5_pct,false,false,true,zonemap_only,10,0.0019,77,0,0,300
layout_selectivity,block_10_pct,false,false,true,zonemap_only,1,0.0034,73,0,0,540
layout_selectivity,block_10_pct,false,false,true,zonemap_only,2,0.0034,73,0,0,540
layout_selectivity,block_10_pct,false,false,true,zonemap_only,3,0.0033,73,0,0,540
layout_selectivity,block_10_pct,false,false,true,zonemap_only,4,0.0033,73,0,0,540
layout_selectivity,block_10_pct,false,false,true,zonemap_only,5,0.0034,73,0,0,540
layout_selectivity,block_10_pct,false,false,true,zonemap_only,6,0.0034,73,0,0,540
layout_selectivity,block_10_pct,false,false,true,zonemap_only,7,0.0033,73,0,0,540
layout_selectivity,block_10_pct,false,false,true,zonemap_only,8,0.0033,73,0,0,540
layout_selectivity,block_10_pct,false,false,true,zonemap_only,9,0.0033,73,0,0,540
layout_selectivity,block_10_pct,false,false,true,zonemap_only,10,0.0034,73,0,0,540
layout_selectivity,block_20_pct,false,false,true,zonemap_only,1,0.0068,65,0,0,1020
layout_selectivity,block_20_pct,false,false,true,zonemap_only,2,0.0067,65,0,0,1020
layout_selectivity,block_20_pct,false,false,true,zonemap_only,3,0.0064,65,0,0,1020
layout_selectivity,block_20_pct,false,false,true,zonemap_only,4,0.0065,65,0,0,1020
layout_selectivity,block_20_pct,false,false,true,zonemap_only,5,0.0066,65,0,0,1020
layout_selectivity,block_20_pct,false,false,true,zonemap_only,6,0.0066,65,0,0,1020
layout_selectivity,block_20_pct,false,false,true,zonemap_only,7,0.0067,65,0,0,1020
layout_selectivity,block_20_pct,false,false,true,zonemap_only,8,0.0067,65,0,0,1020
layout_selectivity,block_20_pct,false,false,true,zonemap_only,9,0.0068,65,0,0,1020
layout_selectivity,block_20_pct,false,false,true,zonemap_only,10,0.0068,65,0,0,1020
layout_selectivity,block_50_pct,false,false,true,zonemap_only,1,0.0154,41,0,0,2460
layout_selectivity,block_50_pct,false,false,true,zonemap_only,2,0.0150,41,0,0,2460
layout_selectivity,block_50_pct,false,false,true,zonemap_only,3,0.0150,41,0,0,2460
layout_selectivity,block_50_pct,false,false,true,zonemap_only,4,0.0156,41,0,0,2460
layout_selectivity,block_50_pct,false,false,true,zonemap_only,5,0.0153,41,0,0,2460
layout_selectivity,block_50_pct,false,false,true,zonemap_only,6,0.0150,41,0,0,2460
layout_selectivity,block_50_pct,false,false,true,zonemap_only,7,0.0150,41,0,0,2460
layout_selectivity,block_50_pct,false,false,true,zonemap_only,8,0.0156,41,0,0,2460
layout_selectivity,block_50_pct,false,false,true,zonemap_only,9,0.0160,41,0,0,2460
layout_selectivity,block_50_pct,false,false,true,zonemap_only,10,0.0160,41,0,0,2460
layout_selectivity,block_90_pct,false,false,true,zonemap_only,1,0.0294,8,0,0,4440
layout_selectivity,block_90_pct,false,false,true,zonemap_only,2,0.0287,8,0,0,4440
layout_selectivity,block_90_pct,false,false,true,zonemap_only,3,0.0284,8,0,0,4440
layout_selectivity,block_90_pct,false,false,true,zonemap_only,4,0.0283,8,0,0,4440
layout_selectivity,block_90_pct,false,false,true,zonemap_only,5,0.0284,8,0,0,4440
layout_selectivity,block_90_pct,false,false,true,zonemap_only,6,0.0283,8,0,0,4440
layout_selectivity,block_90_pct,false,false,true,zonemap_only,7,0.0292,8,0,0,4440
layout_selectivity,block_90_pct,false,false,true,zonemap_only,8,0.0297,8,0,0,4440
layout_selectivity,block_90_pct,false,false,true,zonemap_only,9,0.0284,8,0,0,4440
layout_selectivity,block_90_pct,false,false,true,zonemap_only,10,0.0284,8,0,0,4440
layout_selectivity,random_0_1_pct,true,true,false,sketch_only,1,0.0688,0,0,0,4883
layout_selectivity,random_0_1_pct,true,true,false,sketch_only,2,0.0572,0,0,0,4883
layout_selectivity,random_0_1_pct,true,true,false,sketch_only,3,0.0573,0,0,0,4883
layout_selectivity,random_0_1_pct,true,true,false,sketch_only,4,0.0575,0,0,0,4883
layout_selectivity,random_0_1_pct,true,true,false,sketch_only,5,0.0574,0,0,0,4883
layout_selectivity,random_0_1_pct,true,true,false,sketch_only,6,0.0574,0,0,0,4883
layout_selectivity,random_0_1_pct,true,true,false,sketch_only,7,0.0581,0,0,0,4883
layout_selectivity,random_0_1_pct,true,true,false,sketch_only,8,0.0595,0,0,0,4883
layout_selectivity,random_0_1_pct,true,true,false,sketch_only,9,0.0575,0,0,0,4883
layout_selectivity,random_0_1_pct,true,true,false,sketch_only,10,0.0573,0,0,0,4883
layout_selectivity,random_1_pct,true,true,false,sketch_only,1,0.0719,0,0,0,4883
layout_selectivity,random_1_pct,true,true,false,sketch_only,2,0.0604,0,0,0,4883
layout_selectivity,random_1_pct,true,true,false,sketch_only,3,0.0604,0,0,0,4883
layout_selectivity,random_1_pct,true,true,false,sketch_only,4,0.0623,0,0,0,4883
layout_selectivity,random_1_pct,true,true,false,sketch_only,5,0.0606,0,0,0,4883
layout_selectivity,random_1_pct,true,true,false,sketch_only,6,0.0605,0,0,0,4883
layout_selectivity,random_1_pct,true,true,false,sketch_only,7,0.0624,0,0,0,4883
layout_selectivity,random_1_pct,true,true,false,sketch_only,8,0.0592,0,0,0,4883
layout_selectivity,random_1_pct,true,true,false,sketch_only,9,0.0602,0,0,0,4883
layout_selectivity,random_1_pct,true,true,false,sketch_only,10,0.0602,0,0,0,4883
layout_selectivity,random_5_pct,true,true,false,sketch_only,1,0.0712,0,0,0,4883
layout_selectivity,random_5_pct,true,true,false,sketch_only,2,0.0604,0,0,0,4883
layout_selectivity,random_5_pct,true,true,false,sketch_only,3,0.0600,0,0,0,4883
layout_selectivity,random_5_pct,true,true,false,sketch_only,4,0.0600,0,0,0,4883
layout_selectivity,random_5_pct,true,true,false,sketch_only,5,0.0605,0,0,0,4883
layout_selectivity,random_5_pct,true,true,false,sketch_only,6,0.0612,0,0,0,4883
layout_selectivity,random_5_pct,true,true,false,sketch_only,7,0.0602,0,0,0,4883
layout_selectivity,random_5_pct,true,true,false,sketch_only,8,0.0603,0,0,0,4883
layout_selectivity,random_5_pct,true,true,false,sketch_only,9,0.0608,0,0,0,4883
layout_selectivity,random_5_pct,true,true,false,sketch_only,10,0.0636,0,0,0,4883
layout_selectivity,random_10_pct,true,true,false,sketch_only,1,0.0778,0,0,0,4883
layout_selectivity,random_10_pct,true,true,false,sketch_only,2,0.0651,0,0,0,4883
layout_selectivity,random_10_pct,true,true,false,sketch_only,3,0.0656,0,0,0,4883
layout_selectivity,random_10_pct,true,true,false,sketch_only,4,0.0651,0,0,0,4883
layout_selectivity,random_10_pct,true,true,false,sketch_only,5,0.0681,0,0,0,4883
layout_selectivity,random_10_pct,true,true,false,sketch_only,6,0.0660,0,0,0,4883
layout_selectivity,random_10_pct,true,true,false,sketch_only,7,0.0651,0,0,0,4883
layout_selectivity,random_10_pct,true,true,false,sketch_only,8,0.0652,0,0,0,4883
layout_selectivity,random_10_pct,true,true,false,sketch_only,9,0.0653,0,0,0,4883
layout_selectivity,random_10_pct,true,true,false,sketch_only,10,0.0683,0,0,0,4883
layout_selectivity,random_20_pct,true,true,false,sketch_only,1,0.0876,0,0,0,4883
layout_selectivity,random_20_pct,true,true,false,sketch_only,2,0.0786,0,0,0,4883
layout_selectivity,random_20_pct,true,true,false,sketch_only,3,0.0755,0,0,0,4883
layout_selectivity,random_20_pct,true,true,false,sketch_only,4,0.0787,0,0,0,4883
layout_selectivity,random_20_pct,true,true,false,sketch_only,5,0.0760,0,0,0,4883
layout_selectivity,random_20_pct,true,true,false,sketch_only,6,0.0756,0,0,0,4883
layout_selectivity,random_20_pct,true,true,false,sketch_only,7,0.0754,0,0,0,4883
layout_selectivity,random_20_pct,true,true,false,sketch_only,8,0.0761,0,0,0,4883
layout_selectivity,random_20_pct,true,true,false,sketch_only,9,0.0761,0,0,0,4883
layout_selectivity,random_20_pct,true,true,false,sketch_only,10,0.0755,0,0,0,4883
layout_selectivity,random_50_pct,true,true,false,sketch_only,1,0.0977,0,0,0,4883
layout_selectivity,random_50_pct,true,true,false,sketch_only,2,0.0865,0,0,0,4883
layout_selectivity,random_50_pct,true,true,false,sketch_only,3,0.0867,0,0,0,4883
layout_selectivity,random_50_pct,true,true,false,sketch_only,4,0.0861,0,0,0,4883
layout_selectivity,random_50_pct,true,true,false,sketch_only,5,0.0858,0,0,0,4883
layout_selectivity,random_50_pct,true,true,false,sketch_only,6,0.0856,0,0,0,4883
layout_selectivity,random_50_pct,true,true,false,sketch_only,7,0.0857,0,0,0,4883
layout_selectivity,random_50_pct,true,true,false,sketch_only,8,0.0855,0,0,0,4883
layout_selectivity,random_50_pct,true,true,false,sketch_only,9,0.0854,0,0,0,4883
layout_selectivity,random_50_pct,true,true,false,sketch_only,10,0.0854,0,0,0,4883
layout_selectivity,random_90_pct,true,true,false,sketch_only,1,0.0017,0,0,4883,1
layout_selectivity,random_90_pct,true,true,false,sketch_only,2,0.0016,0,0,4883,1
layout_selectivity,random_90_pct,true,true,false,sketch_only,3,0.0010,0,0,4883,1
layout_selectivity,random_90_pct,true,true,false,sketch_only,4,0.0009,0,0,4883,1
layout_selectivity,random_90_pct,true,true,false,sketch_only,5,0.0009,0,0,4883,1
layout_selectivity,random_90_pct,true,true,false,sketch_only,6,0.0008,0,0,4883,1
layout_selectivity,random_90_pct,true,true,false,sketch_only,7,0.0008,0,0,4883,1
layout_selectivity,random_90_pct,true,true,false,sketch_only,8,0.0008,0,0,4883,1
layout_selectivity,random_90_pct,true,true,false,sketch_only,9,0.0008,0,0,4883,1
layout_selectivity,random_90_pct,true,true,false,sketch_only,10,0.0008,0,0,4883,1
layout_selectivity,sorted_0_1_pct,true,true,false,sketch_only,1,0.0189,0,0,4877,7
layout_selectivity,sorted_0_1_pct,true,true,false,sketch_only,2,0.0099,0,0,4877,7
layout_selectivity,sorted_0_1_pct,true,true,false,sketch_only,3,0.0096,0,0,4877,7
layout_selectivity,sorted_0_1_pct,true,true,false,sketch_only,4,0.0097,0,0,4877,7
layout_selectivity,sorted_0_1_pct,true,true,false,sketch_only,5,0.0096,0,0,4877,7
layout_selectivity,sorted_0_1_pct,true,true,false,sketch_only,6,0.0097,0,0,4877,7
layout_selectivity,sorted_0_1_pct,true,true,false,sketch_only,7,0.0096,0,0,4877,7
layout_selectivity,sorted_0_1_pct,true,true,false,sketch_only,8,0.0097,0,0,4877,7
layout_selectivity,sorted_0_1_pct,true,true,false,sketch_only,9,0.0096,0,0,4877,7
layout_selectivity,sorted_0_1_pct,true,true,false,sketch_only,10,0.0097,0,0,4877,7
layout_selectivity,sorted_1_pct,true,true,false,sketch_only,1,0.0193,0,0,4833,51
layout_selectivity,sorted_1_pct,true,true,false,sketch_only,2,0.0098,0,0,4833,51
layout_selectivity,sorted_1_pct,true,true,false,sketch_only,3,0.0097,0,0,4833,51
layout_selectivity,sorted_1_pct,true,true,false,sketch_only,4,0.0096,0,0,4833,51
layout_selectivity,sorted_1_pct,true,true,false,sketch_only,5,0.0096,0,0,4833,51
layout_selectivity,sorted_1_pct,true,true,false,sketch_only,6,0.0097,0,0,4833,51
layout_selectivity,sorted_1_pct,true,true,false,sketch_only,7,0.0096,0,0,4833,51
layout_selectivity,sorted_1_pct,true,true,false,sketch_only,8,0.0096,0,0,4833,51
layout_selectivity,sorted_1_pct,true,true,false,sketch_only,9,0.0096,0,0,4833,51
layout_selectivity,sorted_1_pct,true,true,false,sketch_only,10,0.0099,0,0,4833,51
layout_selectivity,sorted_5_pct,true,true,false,sketch_only,1,0.0203,0,0,4638,246
layout_selectivity,sorted_5_pct,true,true,false,sketch_only,2,0.0109,0,0,4638,246
layout_selectivity,sorted_5_pct,true,true,false,sketch_only,3,0.0110,0,0,4638,246
layout_selectivity,sorted_5_pct,true,true,false,sketch_only,4,0.0109,0,0,4638,246
layout_selectivity,sorted_5_pct,true,true,false,sketch_only,5,0.0109,0,0,4638,246
layout_selectivity,sorted_5_pct,true,true,false,sketch_only,6,0.0109,0,0,4638,246
layout_selectivity,sorted_5_pct,true,true,false,sketch_only,7,0.0109,0,0,4638,246
layout_selectivity,sorted_5_pct,true,true,false,sketch_only,8,0.0109,0,0,4638,246
layout_selectivity,sorted_5_pct,true,true,false,sketch_only,9,0.0109,0,0,4638,246
layout_selectivity,sorted_5_pct,true,true,false,sketch_only,10,0.0109,0,0,4638,246
layout_selectivity,sorted_10_pct,true,true,false,sketch_only,1,0.0214,0,0,4394,490
layout_selectivity,sorted_10_pct,true,true,false,sketch_only,2,0.0122,0,0,4394,490
layout_selectivity,sorted_10_pct,true,true,false,sketch_only,3,0.0124,0,0,4394,490
layout_selectivity,sorted_10_pct,true,true,false,sketch_only,4,0.0123,0,0,4394,490
layout_selectivity,sorted_10_pct,true,true,false,sketch_only,5,0.0122,0,0,4394,490
layout_selectivity,sorted_10_pct,true,true,false,sketch_only,6,0.0121,0,0,4394,490
layout_selectivity,sorted_10_pct,true,true,false,sketch_only,7,0.0122,0,0,4394,490
layout_selectivity,sorted_10_pct,true,true,false,sketch_only,8,0.0122,0,0,4394,490
layout_selectivity,sorted_10_pct,true,true,false,sketch_only,9,0.0122,0,0,4394,490
layout_selectivity,sorted_10_pct,true,true,false,sketch_only,10,0.0122,0,0,4394,490
layout_selectivity,sorted_20_pct,true,true,false,sketch_only,1,0.0243,0,0,3906,978
layout_selectivity,sorted_20_pct,true,true,false,sketch_only,2,0.0144,0,0,3906,978
layout_selectivity,sorted_20_pct,true,true,false,sketch_only,3,0.0146,0,0,3906,978
layout_selectivity,sorted_20_pct,true,true,false,sketch_only,4,0.0145,0,0,3906,978
layout_selectivity,sorted_20_pct,true,true,false,sketch_only,5,0.0145,0,0,3906,978
layout_selectivity,sorted_20_pct,true,true,false,sketch_only,6,0.0147,0,0,3906,978
layout_selectivity,sorted_20_pct,true,true,false,sketch_only,7,0.0146,0,0,3906,978
layout_selectivity,sorted_20_pct,true,true,false,sketch_only,8,0.0143,0,0,3906,978
layout_selectivity,sorted_20_pct,true,true,false,sketch_only,9,0.0142,0,0,3906,978
layout_selectivity,sorted_20_pct,true,true,false,sketch_only,10,0.0144,0,0,3906,978
layout_selectivity,sorted_50_pct,true,true,false,sketch_only,1,0.0313,0,0,2441,2443
layout_selectivity,sorted_50_pct,true,true,false,sketch_only,2,0.0223,0,0,2441,2443
layout_selectivity,sorted_50_pct,true,true,false,sketch_only,3,0.0221,0,0,2441,2443
layout_selectivity,sorted_50_pct,true,true,false,sketch_only,4,0.0219,0,0,2441,2443
layout_selectivity,sorted_50_pct,true,true,false,sketch_only,5,0.0219,0,0,2441,2443
layout_selectivity,sorted_50_pct,true,true,false,sketch_only,6,0.0220,0,0,2441,2443
layout_selectivity,sorted_50_pct,true,true,false,sketch_only,7,0.0220,0,0,2441,2443
layout_selectivity,sorted_50_pct,true,true,false,sketch_only,8,0.0219,0,0,2441,2443
layout_selectivity,sorted_50_pct,true,true,false,sketch_only,9,0.0220,0,0,2441,2443
layout_selectivity,sorted_50_pct,true,true,false,sketch_only,10,0.0226,0,0,2441,2443
layout_selectivity,sorted_90_pct,true,true,false,sketch_only,1,0.0017,0,0,4883,1
layout_selectivity,sorted_90_pct,true,true,false,sketch_only,2,0.0016,0,0,4883,1
layout_selectivity,sorted_90_pct,true,true,false,sketch_only,3,0.0008,0,0,4883,1
layout_selectivity,sorted_90_pct,true,true,false,sketch_only,4,0.0008,0,0,4883,1
layout_selectivity,sorted_90_pct,true,true,false,sketch_only,5,0.0008,0,0,4883,1
layout_selectivity,sorted_90_pct,true,true,false,sketch_only,6,0.0008,0,0,4883,1
layout_selectivity,sorted_90_pct,true,true,false,sketch_only,7,0.0008,0,0,4883,1
layout_selectivity,sorted_90_pct,true,true,false,sketch_only,8,0.0008,0,0,4883,1
layout_selectivity,sorted_90_pct,true,true,false,sketch_only,9,0.0008,0,0,4883,1
layout_selectivity,sorted_90_pct,true,true,false,sketch_only,10,0.0008,0,0,4883,1
layout_selectivity,block_0_1_pct,true,true,false,sketch_only,1,0.0191,0,0,4877,7
layout_selectivity,block_0_1_pct,true,true,false,sketch_only,2,0.0100,0,0,4877,7
layout_selectivity,block_0_1_pct,true,true,false,sketch_only,3,0.0099,0,0,4877,7
layout_selectivity,block_0_1_pct,true,true,false,sketch_only,4,0.0098,0,0,4877,7
layout_selectivity,block_0_1_pct,true,true,false,sketch_only,5,0.0098,0,0,4877,7
layout_selectivity,block_0_1_pct,true,true,false,sketch_only,6,0.0099,0,0,4877,7
layout_selectivity,block_0_1_pct,true,true,false,sketch_only,7,0.0098,0,0,4877,7
layout_selectivity,block_0_1_pct,true,true,false,sketch_only,8,0.0099,0,0,4877,7
layout_selectivity,block_0_1_pct,true,true,false,sketch_only,9,0.0098,0,0,4877,7
layout_selectivity,block_0_1_pct,true,true,false,sketch_only,10,0.0098,0,0,4877,7
layout_selectivity,block_1_pct,true,true,false,sketch_only,1,0.0193,0,0,4833,51
layout_selectivity,block_1_pct,true,true,false,sketch_only,2,0.0100,0,0,4833,51
layout_selectivity,block_1_pct,true,true,false,sketch_only,3,0.0100,0,0,4833,51
layout_selectivity,block_1_pct,true,true,false,sketch_only,4,0.0101,0,0,4833,51
layout_selectivity,block_1_pct,true,true,false,sketch_only,5,0.0100,0,0,4833,51
layout_selectivity,block_1_pct,true,true,false,sketch_only,6,0.0100,0,0,4833,51
layout_selectivity,block_1_pct,true,true,false,sketch_only,7,0.0100,0,0,4833,51
layout_selectivity,block_1_pct,true,true,false,sketch_only,8,0.0100,0,0,4833,51
layout_selectivity,block_1_pct,true,true,false,sketch_only,9,0.0100,0,0,4833,51
layout_selectivity,block_1_pct,true,true,false,sketch_only,10,0.0100,0,0,4833,51
layout_selectivity,block_5_pct,true,true,false,sketch_only,1,0.0202,0,0,4638,246
layout_selectivity,block_5_pct,true,true,false,sketch_only,2,0.0138,0,0,4638,246
layout_selectivity,block_5_pct,true,true,false,sketch_only,3,0.0114,0,0,4638,246
layout_selectivity,block_5_pct,true,true,false,sketch_only,4,0.0112,0,0,4638,246
layout_selectivity,block_5_pct,true,true,false,sketch_only,5,0.0112,0,0,4638,246
layout_selectivity,block_5_pct,true,true,false,sketch_only,6,0.0111,0,0,4638,246
layout_selectivity,block_5_pct,true,true,false,sketch_only,7,0.0110,0,0,4638,246
layout_selectivity,block_5_pct,true,true,false,sketch_only,8,0.0109,0,0,4638,246
layout_selectivity,block_5_pct,true,true,false,sketch_only,9,0.0111,0,0,4638,246
layout_selectivity,block_5_pct,true,true,false,sketch_only,10,0.0110,0,0,4638,246
layout_selectivity,block_10_pct,true,true,false,sketch_only,1,0.0213,0,0,4394,490
layout_selectivity,block_10_pct,true,true,false,sketch_only,2,0.0123,0,0,4394,490
layout_selectivity,block_10_pct,true,true,false,sketch_only,3,0.0126,0,0,4394,490
layout_selectivity,block_10_pct,true,true,false,sketch_only,4,0.0126,0,0,4394,490
layout_selectivity,block_10_pct,true,true,false,sketch_only,5,0.0125,0,0,4394,490
layout_selectivity,block_10_pct,true,true,false,sketch_only,6,0.0124,0,0,4394,490
layout_selectivity,block_10_pct,true,true,false,sketch_only,7,0.0125,0,0,4394,490
layout_selectivity,block_10_pct,true,true,false,sketch_only,8,0.0126,0,0,4394,490
layout_selectivity,block_10_pct,true,true,false,sketch_only,9,0.0126,0,0,4394,490
layout_selectivity,block_10_pct,true,true,false,sketch_only,10,0.0126,0,0,4394,490
layout_selectivity,block_20_pct,true,true,false,sketch_only,1,0.0232,0,0,3906,978
layout_selectivity,block_20_pct,true,true,false,sketch_only,2,0.0155,0,0,3906,978
layout_selectivity,block_20_pct,true,true,false,sketch_only,3,0.0149,0,0,3906,978
layout_selectivity,block_20_pct,true,true,false,sketch_only,4,0.0145,0,0,3906,978
layout_selectivity,block_20_pct,true,true,false,sketch_only,5,0.0145,0,0,3906,978
layout_selectivity,block_20_pct,true,true,false,sketch_only,6,0.0147,0,0,3906,978
layout_selectivity,block_20_pct,true,true,false,sketch_only,7,0.0145,0,0,3906,978
layout_selectivity,block_20_pct,true,true,false,sketch_only,8,0.0145,0,0,3906,978
layout_selectivity,block_20_pct,true,true,false,sketch_only,9,0.0144,0,0,3906,978
layout_selectivity,block_20_pct,true,true,false,sketch_only,10,0.0146,0,0,3906,978
layout_selectivity,block_50_pct,true,true,false,sketch_only,1,0.0319,0,0,2441,2443
layout_selectivity,block_50_pct,true,true,false,sketch_only,2,0.0221,0,0,2441,2443
layout_selectivity,block_50_pct,true,true,false,sketch_only,3,0.0224,0,0,2441,2443
layout_selectivity,block_50_pct,true,true,false,sketch_only,4,0.0219,0,0,2441,2443
layout_selectivity,block_50_pct,true,true,false,sketch_only,5,0.0218,0,0,2441,2443
layout_selectivity,block_50_pct,true,true,false,sketch_only,6,0.0218,0,0,2441,2443
layout_selectivity,block_50_pct,true,true,false,sketch_only,7,0.0219,0,0,2441,2443
layout_selectivity,block_50_pct,true,true,false,sketch_only,8,0.0217,0,0,2441,2443
layout_selectivity,block_50_pct,true,true,false,sketch_only,9,0.0219,0,0,2441,2443
layout_selectivity,block_50_pct,true,true,false,sketch_only,10,0.0218,0,0,2441,2443
layout_selectivity,block_90_pct,true,true,false,sketch_only,1,0.0016,0,0,4883,1
layout_selectivity,block_90_pct,true,true,false,sketch_only,2,0.0014,0,0,4883,1
layout_selectivity,block_90_pct,true,true,false,sketch_only,3,0.0008,0,0,4883,1
layout_selectivity,block_90_pct,true,true,false,sketch_only,4,0.0008,0,0,4883,1
layout_selectivity,block_90_pct,true,true,false,sketch_only,5,0.0008,0,0,4883,1
layout_selectivity,block_90_pct,true,true,false,sketch_only,6,0.0008,0,0,4883,1
layout_selectivity,block_90_pct,true,true,false,sketch_only,7,0.0008,0,0,4883,1
layout_selectivity,block_90_pct,true,true,false,sketch_only,8,0.0008,0,0,4883,1
layout_selectivity,block_90_pct,true,true,false,sketch_only,9,0.0008,0,0,4883,1
layout_selectivity,block_90_pct,true,true,false,sketch_only,10,0.0008,0,0,4883,1
layout_selectivity,random_0_1_pct,true,true,true,none,1,0.0427,0,0,0,4883
layout_selectivity,random_0_1_pct,true,true,true,none,2,0.0430,0,0,0,4883
layout_selectivity,random_0_1_pct,true,true,true,none,3,0.0419,0,0,0,4883
layout_selectivity,random_0_1_pct,true,true,true,none,4,0.0417,0,0,0,4883
layout_selectivity,random_0_1_pct,true,true,true,none,5,0.0425,0,0,0,4883
layout_selectivity,random_0_1_pct,true,true,true,none,6,0.0421,0,0,0,4883
layout_selectivity,random_0_1_pct,true,true,true,none,7,0.0425,0,0,0,4883
layout_selectivity,random_0_1_pct,true,true,true,none,8,0.0423,0,0,0,4883
layout_selectivity,random_0_1_pct,true,true,true,none,9,0.0421,0,0,0,4883
layout_selectivity,random_0_1_pct,true,true,true,none,10,0.0421,0,0,0,4883
layout_selectivity,random_1_pct,true,true,true,none,1,0.0432,0,0,0,4883
layout_selectivity,random_1_pct,true,true,true,none,2,0.0432,0,0,0,4883
layout_selectivity,random_1_pct,true,true,true,none,3,0.0433,0,0,0,4883
layout_selectivity,random_1_pct,true,true,true,none,4,0.0434,0,0,0,4883
layout_selectivity,random_1_pct,true,true,true,none,5,0.0432,0,0,0,4883
layout_selectivity,random_1_pct,true,true,true,none,6,0.0434,0,0,0,4883
layout_selectivity,random_1_pct,true,true,true,none,7,0.0433,0,0,0,4883
layout_selectivity,random_1_pct,true,true,true,none,8,0.0432,0,0,0,4883
layout_selectivity,random_1_pct,true,true,true,none,9,0.0433,0,0,0,4883
layout_selectivity,random_1_pct,true,true,true,none,10,0.0431,0,0,0,4883
layout_selectivity,random_5_pct,true,true,true,none,1,0.0465,0,0,0,4883
layout_selectivity,random_5_pct,true,true,true,none,2,0.0458,0,0,0,4883
layout_selectivity,random_5_pct,true,true,true,none,3,0.0462,0,0,0,4883
layout_selectivity,random_5_pct,true,true,true,none,4,0.0466,0,0,0,4883
layout_selectivity,random_5_pct,true,true,true,none,5,0.0470,0,0,0,4883
layout_selectivity,random_5_pct,true,true,true,none,6,0.0462,0,0,0,4883
layout_selectivity,random_5_pct,true,true,true,none,7,0.0457,0,0,0,4883
layout_selectivity,random_5_pct,true,true,true,none,8,0.0458,0,0,0,4883
layout_selectivity,random_5_pct,true,true,true,none,9,0.0456,0,0,0,4883
layout_selectivity,random_5_pct,true,true,true,none,10,0.0462,0,0,0,4883
layout_selectivity,random_10_pct,true,true,true,none,1,0.0510,0,0,0,4883
layout_selectivity,random_10_pct,true,true,true,none,2,0.0511,0,0,0,4883
layout_selectivity,random_10_pct,true,true,true,none,3,0.0522,0,0,0,4883
layout_selectivity,random_10_pct,true,true,true,none,4,0.0517,0,0,0,4883
layout_selectivity,random_10_pct,true,true,true,none,5,0.0504,0,0,0,4883
layout_selectivity,random_10_pct,true,true,true,none,6,0.0511,0,0,0,4883
layout_selectivity,random_10_pct,true,true,true,none,7,0.0484,0,0,0,4883
layout_selectivity,random_10_pct,true,true,true,none,8,0.0520,0,0,0,4883
layout_selectivity,random_10_pct,true,true,true,none,9,0.0513,0,0,0,4883
layout_selectivity,random_10_pct,true,true,true,none,10,0.0514,0,0,0,4883
layout_selectivity,random_20_pct,true,true,true,none,1,0.0604,0,0,0,4883
layout_selectivity,random_20_pct,true,true,true,none,2,0.0608,0,0,0,4883
layout_selectivity,random_20_pct,true,true,true,none,3,0.0609,0,0,0,4883
layout_selectivity,random_20_pct,true,true,true,none,4,0.0606,0,0,0,4883
layout_selectivity,random_20_pct,true,true,true,none,5,0.0602,0,0,0,4883
layout_selectivity,random_20_pct,true,true,true,none,6,0.0606,0,0,0,4883
layout_selectivity,random_20_pct,true,true,true,none,7,0.0603,0,0,0,4883
layout_selectivity,random_20_pct,true,true,true,none,8,0.0603,0,0,0,4883
layout_selectivity,random_20_pct,true,true,true,none,9,0.0603,0,0,0,4883
layout_selectivity,random_20_pct,true,true,true,none,10,0.0614,0,0,0,4883
layout_selectivity,random_50_pct,true,true,true,none,1,0.0726,0,0,0,4883
layout_selectivity,random_50_pct,true,true,true,none,2,0.0734,0,0,0,4883
layout_selectivity,random_50_pct,true,true,true,none,3,0.0728,0,0,0,4883
layout_selectivity,random_50_pct,true,true,true,none,4,0.0722,0,0,0,4883
layout_selectivity,random_50_pct,true,true,true,none,5,0.0726,0,0,0,4883
layout_selectivity,random_50_pct,true,true,true,none,6,0.0735,0,0,0,4883
layout_selectivity,random_50_pct,true,true,true,none,7,0.0725,0,0,0,4883
layout_selectivity,random_50_pct,true,true,true,none,8,0.0721,0,0,0,4883
layout_selectivity,random_50_pct,true,true,true,none,9,0.0724,0,0,0,4883
layout_selectivity,random_50_pct,true,true,true,none,10,0.0719,0,0,0,4883
layout_selectivity,random_90_pct,true,true,true,none,1,0.0400,0,0,0,4883
layout_selectivity,random_90_pct,true,true,true,none,2,0.0403,0,0,0,4883
layout_selectivity,random_90_pct,true,true,true,none,3,0.0400,0,0,0,4883
layout_selectivity,random_90_pct,true,true,true,none,4,0.0399,0,0,0,4883
layout_selectivity,random_90_pct,true,true,true,none,5,0.0398,0,0,0,4883
layout_selectivity,random_90_pct,true,true,true,none,6,0.0430,0,0,0,4883
layout_selectivity,random_90_pct,true,true,true,none,7,0.0397,0,0,0,4883
layout_selectivity,random_90_pct,true,true,true,none,8,0.0400,0,0,0,4883
layout_selectivity,random_90_pct,true,true,true,none,9,0.0399,0,0,0,4883
layout_selectivity,random_90_pct,true,true,true,none,10,0.0397,0,0,0,4883
layout_selectivity,sorted_0_1_pct,true,true,true,none,1,0.0332,0,0,0,4883
layout_selectivity,sorted_0_1_pct,true,true,true,none,2,0.0328,0,0,0,4883
layout_selectivity,sorted_0_1_pct,true,true,true,none,3,0.0334,0,0,0,4883
layout_selectivity,sorted_0_1_pct,true,true,true,none,4,0.0326,0,0,0,4883
layout_selectivity,sorted_0_1_pct,true,true,true,none,5,0.0325,0,0,0,4883
layout_selectivity,sorted_0_1_pct,true,true,true,none,6,0.0334,0,0,0,4883
layout_selectivity,sorted_0_1_pct,true,true,true,none,7,0.0326,0,0,0,4883
layout_selectivity,sorted_0_1_pct,true,true,true,none,8,0.0323,0,0,0,4883
layout_selectivity,sorted_0_1_pct,true,true,true,none,9,0.0323,0,0,0,4883
layout_selectivity,sorted_0_1_pct,true,true,true,none,10,0.0327,0,0,0,4883
layout_selectivity,sorted_1_pct,true,true,true,none,1,0.0341,0,0,0,4883
layout_selectivity,sorted_1_pct,true,true,true,none,2,0.0338,0,0,0,4883
layout_selectivity,sorted_1_pct,true,true,true,none,3,0.0335,0,0,0,4883
layout_selectivity,sorted_1_pct,true,true,true,none,4,0.0340,0,0,0,4883
layout_selectivity,sorted_1_pct,true,true,true,none,5,0.0334,0,0,0,4883
layout_selectivity,sorted_1_pct,true,true,true,none,6,0.0334,0,0,0,4883
layout_selectivity,sorted_1_pct,true,true,true,none,7,0.0330,0,0,0,4883
layout_selectivity,sorted_1_pct,true,true,true,none,8,0.0334,0,0,0,4883
layout_selectivity,sorted_1_pct,true,true,true,none,9,0.0335,0,0,0,4883
layout_selectivity,sorted_1_pct,true,true,true,none,10,0.0336,0,0,0,4883
layout_selectivity,sorted_5_pct,true,true,true,none,1,0.0332,0,0,0,4883
layout_selectivity,sorted_5_pct,true,true,true,none,2,0.0326,0,0,0,4883
layout_selectivity,sorted_5_pct,true,true,true,none,3,0.0327,0,0,0,4883
layout_selectivity,sorted_5_pct,true,true,true,none,4,0.0327,0,0,0,4883
layout_selectivity,sorted_5_pct,true,true,true,none,5,0.0325,0,0,0,4883
layout_selectivity,sorted_5_pct,true,true,true,none,6,0.0334,0,0,0,4883
layout_selectivity,sorted_5_pct,true,true,true,none,7,0.0327,0,0,0,4883
layout_selectivity,sorted_5_pct,true,true,true,none,8,0.0325,0,0,0,4883
layout_selectivity,sorted_5_pct,true,true,true,none,9,0.0324,0,0,0,4883
layout_selectivity,sorted_5_pct,true,true,true,none,10,0.0323,0,0,0,4883
layout_selectivity,sorted_10_pct,true,true,true,none,1,0.0323,0,0,0,4883
layout_selectivity,sorted_10_pct,true,true,true,none,2,0.0327,0,0,0,4883
layout_selectivity,sorted_10_pct,true,true,true,none,3,0.0317,0,0,0,4883
layout_selectivity,sorted_10_pct,true,true,true,none,4,0.0318,0,0,0,4883
layout_selectivity,sorted_10_pct,true,true,true,none,5,0.0318,0,0,0,4883
layout_selectivity,sorted_10_pct,true,true,true,none,6,0.0318,0,0,0,4883
layout_selectivity,sorted_10_pct,true,true,true,none,7,0.0316,0,0,0,4883
layout_selectivity,sorted_10_pct,true,true,true,none,8,0.0323,0,0,0,4883
layout_selectivity,sorted_10_pct,true,true,true,none,9,0.0317,0,0,0,4883
layout_selectivity,sorted_10_pct,true,true,true,none,10,0.0330,0,0,0,4883
layout_selectivity,sorted_20_pct,true,true,true,none,1,0.0323,0,0,0,4883
layout_selectivity,sorted_20_pct,true,true,true,none,2,0.0323,0,0,0,4883
layout_selectivity,sorted_20_pct,true,true,true,none,3,0.0329,0,0,0,4883
layout_selectivity,sorted_20_pct,true,true,true,none,4,0.0323,0,0,0,4883
layout_selectivity,sorted_20_pct,true,true,true,none,5,0.0323,0,0,0,4883
layout_selectivity,sorted_20_pct,true,true,true,none,6,0.0323,0,0,0,4883
layout_selectivity,sorted_20_pct,true,true,true,none,7,0.0320,0,0,0,4883
layout_selectivity,sorted_20_pct,true,true,true,none,8,0.0322,0,0,0,4883
layout_selectivity,sorted_20_pct,true,true,true,none,9,0.0327,0,0,0,4883
layout_selectivity,sorted_20_pct,true,true,true,none,10,0.0322,0,0,0,4883
layout_selectivity,sorted_50_pct,true,true,true,none,1,0.0321,0,0,0,4883
layout_selectivity,sorted_50_pct,true,true,true,none,2,0.0315,0,0,0,4883
layout_selectivity,sorted_50_pct,true,true,true,none,3,0.0314,0,0,0,4883
layout_selectivity,sorted_50_pct,true,true,true,none,4,0.0313,0,0,0,4883
layout_selectivity,sorted_50_pct,true,true,true,none,5,0.0313,0,0,0,4883
layout_selectivity,sorted_50_pct,true,true,true,none,6,0.0314,0,0,0,4883
layout_selectivity,sorted_50_pct,true,true,true,none,7,0.0320,0,0,0,4883
layout_selectivity,sorted_50_pct,true,true,true,none,8,0.0324,0,0,0,4883
layout_selectivity,sorted_50_pct,true,true,true,none,9,0.0327,0,0,0,4883
layout_selectivity,sorted_50_pct,true,true,true,none,10,0.0319,0,0,0,4883
layout_selectivity,sorted_90_pct,true,true,true,none,1,0.0327,0,0,0,4883
layout_selectivity,sorted_90_pct,true,true,true,none,2,0.0322,0,0,0,4883
layout_selectivity,sorted_90_pct,true,true,true,none,3,0.0323,0,0,0,4883
layout_selectivity,sorted_90_pct,true,true,true,none,4,0.0321,0,0,0,4883
layout_selectivity,sorted_90_pct,true,true,true,none,5,0.0320,0,0,0,4883
layout_selectivity,sorted_90_pct,true,true,true,none,6,0.0316,0,0,0,4883
layout_selectivity,sorted_90_pct,true,true,true,none,7,0.0317,0,0,0,4883
layout_selectivity,sorted_90_pct,true,true,true,none,8,0.0316,0,0,0,4883
layout_selectivity,sorted_90_pct,true,true,true,none,9,0.0317,0,0,0,4883
layout_selectivity,sorted_90_pct,true,true,true,none,10,0.0311,0,0,0,4883
layout_selectivity,block_0_1_pct,true,true,true,none,1,0.0336,0,0,0,4883
layout_selectivity,block_0_1_pct,true,true,true,none,2,0.0328,0,0,0,4883
layout_selectivity,block_0_1_pct,true,true,true,none,3,0.0326,0,0,0,4883
layout_selectivity,block_0_1_pct,true,true,true,none,4,0.0329,0,0,0,4883
layout_selectivity,block_0_1_pct,true,true,true,none,5,0.0327,0,0,0,4883
layout_selectivity,block_0_1_pct,true,true,true,none,6,0.0327,0,0,0,4883
layout_selectivity,block_0_1_pct,true,true,true,none,7,0.0328,0,0,0,4883
layout_selectivity,block_0_1_pct,true,true,true,none,8,0.0373,0,0,0,4883
layout_selectivity,block_0_1_pct,true,true,true,none,9,0.0329,0,0,0,4883
layout_selectivity,block_0_1_pct,true,true,true,none,10,0.0326,0,0,0,4883
layout_selectivity,block_1_pct,true,true,true,none,1,0.0336,0,0,0,4883
layout_selectivity,block_1_pct,true,true,true,none,2,0.0340,0,0,0,4883
layout_selectivity,block_1_pct,true,true,true,none,3,0.0332,0,0,0,4883
layout_selectivity,block_1_pct,true,true,true,none,4,0.0333,0,0,0,4883
layout_selectivity,block_1_pct,true,true,true,none,5,0.0334,0,0,0,4883
layout_selectivity,block_1_pct,true,true,true,none,6,0.0330,0,0,0,4883
layout_selectivity,block_1_pct,true,true,true,none,7,0.0333,0,0,0,4883
layout_selectivity,block_1_pct,true,true,true,none,8,0.0333,0,0,0,4883
layout_selectivity,block_1_pct,true,true,true,none,9,0.0332,0,0,0,4883
layout_selectivity,block_1_pct,true,true,true,none,10,0.0333,0,0,0,4883
layout_selectivity,block_5_pct,true,true,true,none,1,0.0333,0,0,0,4883
layout_selectivity,block_5_pct,true,true,true,none,2,0.0331,0,0,0,4883
layout_selectivity,block_5_pct,true,true,true,none,3,0.0327,0,0,0,4883
layout_selectivity,block_5_pct,true,true,true,none,4,0.0329,0,0,0,4883
layout_selectivity,block_5_pct,true,true,true,none,5,0.0326,0,0,0,4883
layout_selectivity,block_5_pct,true,true,true,none,6,0.0325,0,0,0,4883
layout_selectivity,block_5_pct,true,true,true,none,7,0.0322,0,0,0,4883
layout_selectivity,block_5_pct,true,true,true,none,8,0.0324,0,0,0,4883
layout_selectivity,block_5_pct,true,true,true,none,9,0.0322,0,0,0,4883
layout_selectivity,block_5_pct,true,true,true,none,10,0.0323,0,0,0,4883
layout_selectivity,block_10_pct,true,true,true,none,1,0.0336,0,0,0,4883
layout_selectivity,block_10_pct,true,true,true,none,2,0.0332,0,0,0,4883
layout_selectivity,block_10_pct,true,true,true,none,3,0.0332,0,0,0,4883
layout_selectivity,block_10_pct,true,true,true,none,4,0.0330,0,0,0,4883
layout_selectivity,block_10_pct,true,true,true,none,5,0.0327,0,0,0,4883
layout_selectivity,block_10_pct,true,true,true,none,6,0.0329,0,0,0,4883
layout_selectivity,block_10_pct,true,true,true,none,7,0.0324,0,0,0,4883
layout_selectivity,block_10_pct,true,true,true,none,8,0.0325,0,0,0,4883
layout_selectivity,block_10_pct,true,true,true,none,9,0.0334,0,0,0,4883
layout_selectivity,block_10_pct,true,true,true,none,10,0.0331,0,0,0,4883
layout_selectivity,block_20_pct,true,true,true,none,1,0.0324,0,0,0,4883
layout_selectivity,block_20_pct,true,true,true,none,2,0.0329,0,0,0,4883
layout_selectivity,block_20_pct,true,true,true,none,3,0.0322,0,0,0,4883
layout_selectivity,block_20_pct,true,true,true,none,4,0.0322,0,0,0,4883
layout_selectivity,block_20_pct,true,true,true,none,5,0.0342,0,0,0,4883
layout_selectivity,block_20_pct,true,true,true,none,6,0.0322,0,0,0,4883
layout_selectivity,block_20_pct,true,true,true,none,7,0.0323,0,0,0,4883
layout_selectivity,block_20_pct,true,true,true,none,8,0.0320,0,0,0,4883
layout_selectivity,block_20_pct,true,true,true,none,9,0.0321,0,0,0,4883
layout_selectivity,block_20_pct,true,true,true,none,10,0.0320,0,0,0,4883
layout_selectivity,block_50_pct,true,true,true,none,1,0.0316,0,0,0,4883
layout_selectivity,block_50_pct,true,true,true,none,2,0.0313,0,0,0,4883
layout_selectivity,block_50_pct,true,true,true,none,3,0.0310,0,0,0,4883
layout_selectivity,block_50_pct,true,true,true,none,4,0.0314,0,0,0,4883
layout_selectivity,block_50_pct,true,true,true,none,5,0.0313,0,0,0,4883
layout_selectivity,block_50_pct,true,true,true,none,6,0.0314,0,0,0,4883
layout_selectivity,block_50_pct,true,true,true,none,7,0.0316,0,0,0,4883
layout_selectivity,block_50_pct,true,true,true,none,8,0.0315,0,0,0,4883
layout_selectivity,block_50_pct,true,true,true,none,9,0.0312,0,0,0,4883
layout_selectivity,block_50_pct,true,true,true,none,10,0.0312,0,0,0,4883
layout_selectivity,block_90_pct,true,true,true,none,1,0.0320,0,0,0,4883
layout_selectivity,block_90_pct,true,true,true,none,2,0.0316,0,0,0,4883
layout_selectivity,block_90_pct,true,true,true,none,3,0.0318,0,0,0,4883
layout_selectivity,block_90_pct,true,true,true,none,4,0.0316,0,0,0,4883
layout_selectivity,block_90_pct,true,true,true,none,5,0.0314,0,0,0,4883
layout_selectivity,block_90_pct,true,true,true,none,6,0.0316,0,0,0,4883
layout_selectivity,block_90_pct,true,true,true,none,7,0.0316,0,0,0,4883
layout_selectivity,block_90_pct,true,true,true,none,8,0.0318,0,0,0,4883
layout_selectivity,block_90_pct,true,true,true,none,9,0.0316,0,0,0,4883
layout_selectivity,block_90_pct,true,true,true,none,10,0.0315,0,0,0,4883
layout_selectivity,random_0_1_pct,false,true,true,rowgroup_only,1,0.0427,0,0,0,4883
layout_selectivity,random_0_1_pct,false,true,true,rowgroup_only,2,0.0420,0,0,0,4883
layout_selectivity,random_0_1_pct,false,true,true,rowgroup_only,3,0.0428,0,0,0,4883
layout_selectivity,random_0_1_pct,false,true,true,rowgroup_only,4,0.0419,0,0,0,4883
layout_selectivity,random_0_1_pct,false,true,true,rowgroup_only,5,0.0419,0,0,0,4883
layout_selectivity,random_0_1_pct,false,true,true,rowgroup_only,6,0.0417,0,0,0,4883
layout_selectivity,random_0_1_pct,false,true,true,rowgroup_only,7,0.0418,0,0,0,4883
layout_selectivity,random_0_1_pct,false,true,true,rowgroup_only,8,0.0419,0,0,0,4883
layout_selectivity,random_0_1_pct,false,true,true,rowgroup_only,9,0.0425,0,0,0,4883
layout_selectivity,random_0_1_pct,false,true,true,rowgroup_only,10,0.0416,0,0,0,4883
layout_selectivity,random_1_pct,false,true,true,rowgroup_only,1,0.0434,0,0,0,4883
layout_selectivity,random_1_pct,false,true,true,rowgroup_only,2,0.0435,0,0,0,4883
layout_selectivity,random_1_pct,false,true,true,rowgroup_only,3,0.0432,0,0,0,4883
layout_selectivity,random_1_pct,false,true,true,rowgroup_only,4,0.0434,0,0,0,4883
layout_selectivity,random_1_pct,false,true,true,rowgroup_only,5,0.0435,0,0,0,4883
layout_selectivity,random_1_pct,false,true,true,rowgroup_only,6,0.0442,0,0,0,4883
layout_selectivity,random_1_pct,false,true,true,rowgroup_only,7,0.0449,0,0,0,4883
layout_selectivity,random_1_pct,false,true,true,rowgroup_only,8,0.0447,0,0,0,4883
layout_selectivity,random_1_pct,false,true,true,rowgroup_only,9,0.0447,0,0,0,4883
layout_selectivity,random_1_pct,false,true,true,rowgroup_only,10,0.0438,0,0,0,4883
layout_selectivity,random_5_pct,false,true,true,rowgroup_only,1,0.0457,0,0,0,4883
layout_selectivity,random_5_pct,false,true,true,rowgroup_only,2,0.0451,0,0,0,4883
layout_selectivity,random_5_pct,false,true,true,rowgroup_only,3,0.0468,0,0,0,4883
layout_selectivity,random_5_pct,false,true,true,rowgroup_only,4,0.0454,0,0,0,4883
layout_selectivity,random_5_pct,false,true,true,rowgroup_only,5,0.0458,0,0,0,4883
layout_selectivity,random_5_pct,false,true,true,rowgroup_only,6,0.0461,0,0,0,4883
layout_selectivity,random_5_pct,false,true,true,rowgroup_only,7,0.0454,0,0,0,4883
layout_selectivity,random_5_pct,false,true,true,rowgroup_only,8,0.0461,0,0,0,4883
layout_selectivity,random_5_pct,false,true,true,rowgroup_only,9,0.0459,0,0,0,4883
layout_selectivity,random_5_pct,false,true,true,rowgroup_only,10,0.0465,0,0,0,4883
layout_selectivity,random_10_pct,false,true,true,rowgroup_only,1,0.0523,0,0,0,4883
layout_selectivity,random_10_pct,false,true,true,rowgroup_only,2,0.0520,0,0,0,4883
layout_selectivity,random_10_pct,false,true,true,rowgroup_only,3,0.0525,0,0,0,4883
layout_selectivity,random_10_pct,false,true,true,rowgroup_only,4,0.0518,0,0,0,4883
layout_selectivity,random_10_pct,false,true,true,rowgroup_only,5,0.0519,0,0,0,4883
layout_selectivity,random_10_pct,false,true,true,rowgroup_only,6,0.0519,0,0,0,4883
layout_selectivity,random_10_pct,false,true,true,rowgroup_only,7,0.0522,0,0,0,4883
layout_selectivity,random_10_pct,false,true,true,rowgroup_only,8,0.0524,0,0,0,4883
layout_selectivity,random_10_pct,false,true,true,rowgroup_only,9,0.0518,0,0,0,4883
layout_selectivity,random_10_pct,false,true,true,rowgroup_only,10,0.0524,0,0,0,4883
layout_selectivity,random_20_pct,false,true,true,rowgroup_only,1,0.0606,0,0,0,4883
layout_selectivity,random_20_pct,false,true,true,rowgroup_only,2,0.0608,0,0,0,4883
layout_selectivity,random_20_pct,false,true,true,rowgroup_only,3,0.0608,0,0,0,4883
layout_selectivity,random_20_pct,false,true,true,rowgroup_only,4,0.0607,0,0,0,4883
layout_selectivity,random_20_pct,false,true,true,rowgroup_only,5,0.0606,0,0,0,4883
layout_selectivity,random_20_pct,false,true,true,rowgroup_only,6,0.0606,0,0,0,4883
layout_selectivity,random_20_pct,false,true,true,rowgroup_only,7,0.0613,0,0,0,4883
layout_selectivity,random_20_pct,false,true,true,rowgroup_only,8,0.0622,0,0,0,4883
layout_selectivity,random_20_pct,false,true,true,rowgroup_only,9,0.0607,0,0,0,4883
layout_selectivity,random_20_pct,false,true,true,rowgroup_only,10,0.0604,0,0,0,4883
layout_selectivity,random_50_pct,false,true,true,rowgroup_only,1,0.0720,0,0,0,4883
layout_selectivity,random_50_pct,false,true,true,rowgroup_only,2,0.0730,0,0,0,4883
layout_selectivity,random_50_pct,false,true,true,rowgroup_only,3,0.0726,0,0,0,4883
layout_selectivity,random_50_pct,false,true,true,rowgroup_only,4,0.0729,0,0,0,4883
layout_selectivity,random_50_pct,false,true,true,rowgroup_only,5,0.0735,0,0,0,4883
layout_selectivity,random_50_pct,false,true,true,rowgroup_only,6,0.0722,0,0,0,4883
layout_selectivity,random_50_pct,false,true,true,rowgroup_only,7,0.0728,0,0,0,4883
layout_selectivity,random_50_pct,false,true,true,rowgroup_only,8,0.0721,0,0,0,4883
layout_selectivity,random_50_pct,false,true,true,rowgroup_only,9,0.0718,0,0,0,4883
layout_selectivity,random_50_pct,false,true,true,rowgroup_only,10,0.0725,0,0,0,4883
layout_selectivity,random_90_pct,false,true,true,rowgroup_only,1,0.0405,0,0,0,4883
layout_selectivity,random_90_pct,false,true,true,rowgroup_only,2,0.0402,0,0,0,4883
layout_selectivity,random_90_pct,false,true,true,rowgroup_only,3,0.0402,0,0,0,4883
layout_selectivity,random_90_pct,false,true,true,rowgroup_only,4,0.0401,0,0,0,4883
layout_selectivity,random_90_pct,false,true,true,rowgroup_only,5,0.0400,0,0,0,4883
layout_selectivity,random_90_pct,false,true,true,rowgroup_only,6,0.0395,0,0,0,4883
layout_selectivity,random_90_pct,false,true,true,rowgroup_only,7,0.0397,0,0,0,4883
layout_selectivity,random_90_pct,false,true,true,rowgroup_only,8,0.0398,0,0,0,4883
layout_selectivity,random_90_pct,false,true,true,rowgroup_only,9,0.0398,0,0,0,4883
layout_selectivity,random_90_pct,false,true,true,rowgroup_only,10,0.0401,0,0,0,4883
layout_selectivity,sorted_0_1_pct,false,true,true,rowgroup_only,1,0.0006,81,0,0,60
layout_selectivity,sorted_0_1_pct,false,true,true,rowgroup_only,2,0.0005,81,0,0,60
layout_selectivity,sorted_0_1_pct,false,true,true,rowgroup_only,3,0.0005,81,0,0,60
layout_selectivity,sorted_0_1_pct,false,true,true,rowgroup_only,4,0.0005,81,0,0,60
layout_selectivity,sorted_0_1_pct,false,true,true,rowgroup_only,5,0.0005,81,0,0,60
layout_selectivity,sorted_0_1_pct,false,true,true,rowgroup_only,6,0.0005,81,0,0,60
layout_selectivity,sorted_0_1_pct,false,true,true,rowgroup_only,7,0.0005,81,0,0,60
layout_selectivity,sorted_0_1_pct,false,true,true,rowgroup_only,8,0.0005,81,0,0,60
layout_selectivity,sorted_0_1_pct,false,true,true,rowgroup_only,9,0.0005,81,0,0,60
layout_selectivity,sorted_0_1_pct,false,true,true,rowgroup_only,10,0.0005,81,0,0,60
layout_selectivity,sorted_1_pct,false,true,true,rowgroup_only,1,0.0005,81,0,0,60
layout_selectivity,sorted_1_pct,false,true,true,rowgroup_only,2,0.0005,81,0,0,60
layout_selectivity,sorted_1_pct,false,true,true,rowgroup_only,3,0.0005,81,0,0,60
layout_selectivity,sorted_1_pct,false,true,true,rowgroup_only,4,0.0005,81,0,0,60
layout_selectivity,sorted_1_pct,false,true,true,rowgroup_only,5,0.0004,81,0,0,60
layout_selectivity,sorted_1_pct,false,true,true,rowgroup_only,6,0.0005,81,0,0,60
layout_selectivity,sorted_1_pct,false,true,true,rowgroup_only,7,0.0005,81,0,0,60
layout_selectivity,sorted_1_pct,false,true,true,rowgroup_only,8,0.0004,81,0,0,60
layout_selectivity,sorted_1_pct,false,true,true,rowgroup_only,9,0.0004,81,0,0,60
layout_selectivity,sorted_1_pct,false,true,true,rowgroup_only,10,0.0004,81,0,0,60
layout_selectivity,sorted_5_pct,false,true,true,rowgroup_only,1,0.0021,77,0,0,300
layout_selectivity,sorted_5_pct,false,true,true,rowgroup_only,2,0.0021,77,0,0,300
layout_selectivity,sorted_5_pct,false,true,true,rowgroup_only,3,0.0020,77,0,0,300
layout_selectivity,sorted_5_pct,false,true,true,rowgroup_only,4,0.0020,77,0,0,300
layout_selectivity,sorted_5_pct,false,true,true,rowgroup_only,5,0.0020,77,0,0,300
layout_selectivity,sorted_5_pct,false,true,true,rowgroup_only,6,0.0020,77,0,0,300
layout_selectivity,sorted_5_pct,false,true,true,rowgroup_only,7,0.0020,77,0,0,300
layout_selectivity,sorted_5_pct,false,true,true,rowgroup_only,8,0.0020,77,0,0,300
layout_selectivity,sorted_5_pct,false,true,true,rowgroup_only,9,0.0020,77,0,0,300
layout_selectivity,sorted_5_pct,false,true,true,rowgroup_only,10,0.0020,77,0,0,300
layout_selectivity,sorted_10_pct,false,true,true,rowgroup_only,1,0.0037,73,0,0,540
layout_selectivity,sorted_10_pct,false,true,true,rowgroup_only,2,0.0036,73,0,0,540
layout_selectivity,sorted_10_pct,false,true,true,rowgroup_only,3,0.0036,73,0,0,540
layout_selectivity,sorted_10_pct,false,true,true,rowgroup_only,4,0.0036,73,0,0,540
layout_selectivity,sorted_10_pct,false,true,true,rowgroup_only,5,0.0035,73,0,0,540
layout_selectivity,sorted_10_pct,false,true,true,rowgroup_only,6,0.0035,73,0,0,540
layout_selectivity,sorted_10_pct,false,true,true,rowgroup_only,7,0.0036,73,0,0,540
layout_selectivity,sorted_10_pct,false,true,true,rowgroup_only,8,0.0036,73,0,0,540
layout_selectivity,sorted_10_pct,false,true,true,rowgroup_only,9,0.0036,73,0,0,540
layout_selectivity,sorted_10_pct,false,true,true,rowgroup_only,10,0.0036,73,0,0,540
layout_selectivity,sorted_20_pct,false,true,true,rowgroup_only,1,0.0068,65,0,0,1020
layout_selectivity,sorted_20_pct,false,true,true,rowgroup_only,2,0.0069,65,0,0,1020
layout_selectivity,sorted_20_pct,false,true,true,rowgroup_only,3,0.0068,65,0,0,1020
layout_selectivity,sorted_20_pct,false,true,true,rowgroup_only,4,0.0069,65,0,0,1020
layout_selectivity,sorted_20_pct,false,true,true,rowgroup_only,5,0.0067,65,0,0,1020
layout_selectivity,sorted_20_pct,false,true,true,rowgroup_only,6,0.0067,65,0,0,1020
layout_selectivity,sorted_20_pct,false,true,true,rowgroup_only,7,0.0067,65,0,0,1020
layout_selectivity,sorted_20_pct,false,true,true,rowgroup_only,8,0.0067,65,0,0,1020
layout_selectivity,sorted_20_pct,false,true,true,rowgroup_only,9,0.0067,65,0,0,1020
layout_selectivity,sorted_20_pct,false,true,true,rowgroup_only,10,0.0067,65,0,0,1020
layout_selectivity,sorted_50_pct,false,true,true,rowgroup_only,1,0.0154,41,0,0,2460
layout_selectivity,sorted_50_pct,false,true,true,rowgroup_only,2,0.0150,41,0,0,2460
layout_selectivity,sorted_50_pct,false,true,true,rowgroup_only,3,0.0152,41,0,0,2460
layout_selectivity,sorted_50_pct,false,true,true,rowgroup_only,4,0.0149,41,0,0,2460
layout_selectivity,sorted_50_pct,false,true,true,rowgroup_only,5,0.0148,41,0,0,2460
layout_selectivity,sorted_50_pct,false,true,true,rowgroup_only,6,0.0150,41,0,0,2460
layout_selectivity,sorted_50_pct,false,true,true,rowgroup_only,7,0.0147,41,0,0,2460
layout_selectivity,sorted_50_pct,false,true,true,rowgroup_only,8,0.0150,41,0,0,2460
layout_selectivity,sorted_50_pct,false,true,true,rowgroup_only,9,0.0153,41,0,0,2460
layout_selectivity,sorted_50_pct,false,true,true,rowgroup_only,10,0.0150,41,0,0,2460
layout_selectivity,sorted_90_pct,false,true,true,rowgroup_only,1,0.0276,8,0,0,4440
layout_selectivity,sorted_90_pct,false,true,true,rowgroup_only,2,0.0272,8,0,0,4440
layout_selectivity,sorted_90_pct,false,true,true,rowgroup_only,3,0.0269,8,0,0,4440
layout_selectivity,sorted_90_pct,false,true,true,rowgroup_only,4,0.0270,8,0,0,4440
layout_selectivity,sorted_90_pct,false,true,true,rowgroup_only,5,0.0289,8,0,0,4440
layout_selectivity,sorted_90_pct,false,true,true,rowgroup_only,6,0.0294,8,0,0,4440
layout_selectivity,sorted_90_pct,false,true,true,rowgroup_only,7,0.0290,8,0,0,4440
layout_selectivity,sorted_90_pct,false,true,true,rowgroup_only,8,0.0274,8,0,0,4440
layout_selectivity,sorted_90_pct,false,true,true,rowgroup_only,9,0.0268,8,0,0,4440
layout_selectivity,sorted_90_pct,false,true,true,rowgroup_only,10,0.0270,8,0,0,4440
layout_selectivity,block_0_1_pct,false,true,true,rowgroup_only,1,0.0005,81,0,0,60
layout_selectivity,block_0_1_pct,false,true,true,rowgroup_only,2,0.0005,81,0,0,60
layout_selectivity,block_0_1_pct,false,true,true,rowgroup_only,3,0.0005,81,0,0,60
layout_selectivity,block_0_1_pct,false,true,true,rowgroup_only,4,0.0005,81,0,0,60
layout_selectivity,block_0_1_pct,false,true,true,rowgroup_only,5,0.0005,81,0,0,60
layout_selectivity,block_0_1_pct,false,true,true,rowgroup_only,6,0.0005,81,0,0,60
layout_selectivity,block_0_1_pct,false,true,true,rowgroup_only,7,0.0005,81,0,0,60
layout_selectivity,block_0_1_pct,false,true,true,rowgroup_only,8,0.0005,81,0,0,60
layout_selectivity,block_0_1_pct,false,true,true,rowgroup_only,9,0.0005,81,0,0,60
layout_selectivity,block_0_1_pct,false,true,true,rowgroup_only,10,0.0005,81,0,0,60
layout_selectivity,block_1_pct,false,true,true,rowgroup_only,1,0.0005,81,0,0,60
layout_selectivity,block_1_pct,false,true,true,rowgroup_only,2,0.0005,81,0,0,60
layout_selectivity,block_1_pct,false,true,true,rowgroup_only,3,0.0004,81,0,0,60
layout_selectivity,block_1_pct,false,true,true,rowgroup_only,4,0.0004,81,0,0,60
layout_selectivity,block_1_pct,false,true,true,rowgroup_only,5,0.0004,81,0,0,60
layout_selectivity,block_1_pct,false,true,true,rowgroup_only,6,0.0004,81,0,0,60
layout_selectivity,block_1_pct,false,true,true,rowgroup_only,7,0.0004,81,0,0,60
layout_selectivity,block_1_pct,false,true,true,rowgroup_only,8,0.0004,81,0,0,60
layout_selectivity,block_1_pct,false,true,true,rowgroup_only,9,0.0004,81,0,0,60
layout_selectivity,block_1_pct,false,true,true,rowgroup_only,10,0.0004,81,0,0,60
layout_selectivity,block_5_pct,false,true,true,rowgroup_only,1,0.0021,77,0,0,300
layout_selectivity,block_5_pct,false,true,true,rowgroup_only,2,0.0021,77,0,0,300
layout_selectivity,block_5_pct,false,true,true,rowgroup_only,3,0.0020,77,0,0,300
layout_selectivity,block_5_pct,false,true,true,rowgroup_only,4,0.0020,77,0,0,300
layout_selectivity,block_5_pct,false,true,true,rowgroup_only,5,0.0020,77,0,0,300
layout_selectivity,block_5_pct,false,true,true,rowgroup_only,6,0.0020,77,0,0,300
layout_selectivity,block_5_pct,false,true,true,rowgroup_only,7,0.0020,77,0,0,300
layout_selectivity,block_5_pct,false,true,true,rowgroup_only,8,0.0020,77,0,0,300
layout_selectivity,block_5_pct,false,true,true,rowgroup_only,9,0.0020,77,0,0,300
layout_selectivity,block_5_pct,false,true,true,rowgroup_only,10,0.0020,77,0,0,300
layout_selectivity,block_10_pct,false,true,true,rowgroup_only,1,0.0037,73,0,0,540
layout_selectivity,block_10_pct,false,true,true,rowgroup_only,2,0.0036,73,0,0,540
layout_selectivity,block_10_pct,false,true,true,rowgroup_only,3,0.0035,73,0,0,540
layout_selectivity,block_10_pct,false,true,true,rowgroup_only,4,0.0036,73,0,0,540
layout_selectivity,block_10_pct,false,true,true,rowgroup_only,5,0.0036,73,0,0,540
layout_selectivity,block_10_pct,false,true,true,rowgroup_only,6,0.0036,73,0,0,540
layout_selectivity,block_10_pct,false,true,true,rowgroup_only,7,0.0035,73,0,0,540
layout_selectivity,block_10_pct,false,true,true,rowgroup_only,8,0.0036,73,0,0,540
layout_selectivity,block_10_pct,false,true,true,rowgroup_only,9,0.0035,73,0,0,540
layout_selectivity,block_10_pct,false,true,true,rowgroup_only,10,0.0035,73,0,0,540
layout_selectivity,block_20_pct,false,true,true,rowgroup_only,1,0.0066,65,0,0,1020
layout_selectivity,block_20_pct,false,true,true,rowgroup_only,2,0.0064,65,0,0,1020
layout_selectivity,block_20_pct,false,true,true,rowgroup_only,3,0.0065,65,0,0,1020
layout_selectivity,block_20_pct,false,true,true,rowgroup_only,4,0.0064,65,0,0,1020
layout_selectivity,block_20_pct,false,true,true,rowgroup_only,5,0.0063,65,0,0,1020
layout_selectivity,block_20_pct,false,true,true,rowgroup_only,6,0.0064,65,0,0,1020
layout_selectivity,block_20_pct,false,true,true,rowgroup_only,7,0.0064,65,0,0,1020
layout_selectivity,block_20_pct,false,true,true,rowgroup_only,8,0.0064,65,0,0,1020
layout_selectivity,block_20_pct,false,true,true,rowgroup_only,9,0.0062,65,0,0,1020
layout_selectivity,block_20_pct,false,true,true,rowgroup_only,10,0.0063,65,0,0,1020
layout_selectivity,block_50_pct,false,true,true,rowgroup_only,1,0.0153,41,0,0,2460
layout_selectivity,block_50_pct,false,true,true,rowgroup_only,2,0.0151,41,0,0,2460
layout_selectivity,block_50_pct,false,true,true,rowgroup_only,3,0.0149,41,0,0,2460
layout_selectivity,block_50_pct,false,true,true,rowgroup_only,4,0.0153,41,0,0,2460
layout_selectivity,block_50_pct,false,true,true,rowgroup_only,5,0.0149,41,0,0,2460
layout_selectivity,block_50_pct,false,true,true,rowgroup_only,6,0.0151,41,0,0,2460
layout_selectivity,block_50_pct,false,true,true,rowgroup_only,7,0.0150,41,0,0,2460
layout_selectivity,block_50_pct,false,true,true,rowgroup_only,8,0.0150,41,0,0,2460
layout_selectivity,block_50_pct,false,true,true,rowgroup_only,9,0.0149,41,0,0,2460
layout_selectivity,block_50_pct,false,true,true,rowgroup_only,10,0.0150,41,0,0,2460
layout_selectivity,block_90_pct,false,true,true,rowgroup_only,1,0.0292,8,0,0,4440
layout_selectivity,block_90_pct,false,true,true,rowgroup_only,2,0.0290,8,0,0,4440
layout_selectivity,block_90_pct,false,true,true,rowgroup_only,3,0.0294,8,0,0,4440
layout_selectivity,block_90_pct,false,true,true,rowgroup_only,4,0.0288,8,0,0,4440
layout_selectivity,block_90_pct,false,true,true,rowgroup_only,5,0.0287,8,0,0,4440
layout_selectivity,block_90_pct,false,true,true,rowgroup_only,6,0.0286,8,0,0,4440
layout_selectivity,block_90_pct,false,true,true,rowgroup_only,7,0.0317,8,0,0,4440
layout_selectivity,block_90_pct,false,true,true,rowgroup_only,8,0.0287,8,0,0,4440
layout_selectivity,block_90_pct,false,true,true,rowgroup_only,9,0.0284,8,0,0,4440
layout_selectivity,block_90_pct,false,true,true,rowgroup_only,10,0.0284,8,0,0,4440
layout_selectivity,random_0_1_pct,false,false,true,rowgroup_plus_segment_zonemap,1,0.0423,0,0,0,4883
layout_selectivity,random_0_1_pct,false,false,true,rowgroup_plus_segment_zonemap,2,0.0421,0,0,0,4883
layout_selectivity,random_0_1_pct,false,false,true,rowgroup_plus_segment_zonemap,3,0.0419,0,0,0,4883
layout_selectivity,random_0_1_pct,false,false,true,rowgroup_plus_segment_zonemap,4,0.0426,0,0,0,4883
layout_selectivity,random_0_1_pct,false,false,true,rowgroup_plus_segment_zonemap,5,0.0418,0,0,0,4883
layout_selectivity,random_0_1_pct,false,false,true,rowgroup_plus_segment_zonemap,6,0.0420,0,0,0,4883
layout_selectivity,random_0_1_pct,false,false,true,rowgroup_plus_segment_zonemap,7,0.0414,0,0,0,4883
layout_selectivity,random_0_1_pct,false,false,true,rowgroup_plus_segment_zonemap,8,0.0416,0,0,0,4883
layout_selectivity,random_0_1_pct,false,false,true,rowgroup_plus_segment_zonemap,9,0.0420,0,0,0,4883
layout_selectivity,random_0_1_pct,false,false,true,rowgroup_plus_segment_zonemap,10,0.0421,0,0,0,4883
layout_selectivity,random_1_pct,false,false,true,rowgroup_plus_segment_zonemap,1,0.0454,0,0,0,4883
layout_selectivity,random_1_pct,false,false,true,rowgroup_plus_segment_zonemap,2,0.0441,0,0,0,4883
layout_selectivity,random_1_pct,false,false,true,rowgroup_plus_segment_zonemap,3,0.0431,0,0,0,4883
layout_selectivity,random_1_pct,false,false,true,rowgroup_plus_segment_zonemap,4,0.0428,0,0,0,4883
layout_selectivity,random_1_pct,false,false,true,rowgroup_plus_segment_zonemap,5,0.0434,0,0,0,4883
layout_selectivity,random_1_pct,false,false,true,rowgroup_plus_segment_zonemap,6,0.0430,0,0,0,4883
layout_selectivity,random_1_pct,false,false,true,rowgroup_plus_segment_zonemap,7,0.0429,0,0,0,4883
layout_selectivity,random_1_pct,false,false,true,rowgroup_plus_segment_zonemap,8,0.0429,0,0,0,4883
layout_selectivity,random_1_pct,false,false,true,rowgroup_plus_segment_zonemap,9,0.0449,0,0,0,4883
layout_selectivity,random_1_pct,false,false,true,rowgroup_plus_segment_zonemap,10,0.0430,0,0,0,4883
layout_selectivity,random_5_pct,false,false,true,rowgroup_plus_segment_zonemap,1,0.0468,0,0,0,4883
layout_selectivity,random_5_pct,false,false,true,rowgroup_plus_segment_zonemap,2,0.0470,0,0,0,4883
layout_selectivity,random_5_pct,false,false,true,rowgroup_plus_segment_zonemap,3,0.0464,0,0,0,4883
layout_selectivity,random_5_pct,false,false,true,rowgroup_plus_segment_zonemap,4,0.0463,0,0,0,4883
layout_selectivity,random_5_pct,false,false,true,rowgroup_plus_segment_zonemap,5,0.0465,0,0,0,4883
layout_selectivity,random_5_pct,false,false,true,rowgroup_plus_segment_zonemap,6,0.0471,0,0,0,4883
layout_selectivity,random_5_pct,false,false,true,rowgroup_plus_segment_zonemap,7,0.0468,0,0,0,4883
layout_selectivity,random_5_pct,false,false,true,rowgroup_plus_segment_zonemap,8,0.0466,0,0,0,4883
layout_selectivity,random_5_pct,false,false,true,rowgroup_plus_segment_zonemap,9,0.0464,0,0,0,4883
layout_selectivity,random_5_pct,false,false,true,rowgroup_plus_segment_zonemap,10,0.0468,0,0,0,4883
layout_selectivity,random_10_pct,false,false,true,rowgroup_plus_segment_zonemap,1,0.0512,0,0,0,4883
layout_selectivity,random_10_pct,false,false,true,rowgroup_plus_segment_zonemap,2,0.0508,0,0,0,4883
layout_selectivity,random_10_pct,false,false,true,rowgroup_plus_segment_zonemap,3,0.0507,0,0,0,4883
layout_selectivity,random_10_pct,false,false,true,rowgroup_plus_segment_zonemap,4,0.0518,0,0,0,4883
layout_selectivity,random_10_pct,false,false,true,rowgroup_plus_segment_zonemap,5,0.0508,0,0,0,4883
layout_selectivity,random_10_pct,false,false,true,rowgroup_plus_segment_zonemap,6,0.0520,0,0,0,4883
layout_selectivity,random_10_pct,false,false,true,rowgroup_plus_segment_zonemap,7,0.0515,0,0,0,4883
layout_selectivity,random_10_pct,false,false,true,rowgroup_plus_segment_zonemap,8,0.0511,0,0,0,4883
layout_selectivity,random_10_pct,false,false,true,rowgroup_plus_segment_zonemap,9,0.0505,0,0,0,4883
layout_selectivity,random_10_pct,false,false,true,rowgroup_plus_segment_zonemap,10,0.0508,0,0,0,4883
layout_selectivity,random_20_pct,false,false,true,rowgroup_plus_segment_zonemap,1,0.0628,0,0,0,4883
layout_selectivity,random_20_pct,false,false,true,rowgroup_plus_segment_zonemap,2,0.0621,0,0,0,4883
layout_selectivity,random_20_pct,false,false,true,rowgroup_plus_segment_zonemap,3,0.0618,0,0,0,4883
layout_selectivity,random_20_pct,false,false,true,rowgroup_plus_segment_zonemap,4,0.0626,0,0,0,4883
layout_selectivity,random_20_pct,false,false,true,rowgroup_plus_segment_zonemap,5,0.0621,0,0,0,4883
layout_selectivity,random_20_pct,false,false,true,rowgroup_plus_segment_zonemap,6,0.0619,0,0,0,4883
layout_selectivity,random_20_pct,false,false,true,rowgroup_plus_segment_zonemap,7,0.0617,0,0,0,4883
layout_selectivity,random_20_pct,false,false,true,rowgroup_plus_segment_zonemap,8,0.0635,0,0,0,4883
layout_selectivity,random_20_pct,false,false,true,rowgroup_plus_segment_zonemap,9,0.0621,0,0,0,4883
layout_selectivity,random_20_pct,false,false,true,rowgroup_plus_segment_zonemap,10,0.0623,0,0,0,4883
layout_selectivity,random_50_pct,false,false,true,rowgroup_plus_segment_zonemap,1,0.0736,0,0,0,4883
layout_selectivity,random_50_pct,false,false,true,rowgroup_plus_segment_zonemap,2,0.0736,0,0,0,4883
layout_selectivity,random_50_pct,false,false,true,rowgroup_plus_segment_zonemap,3,0.0736,0,0,0,4883
layout_selectivity,random_50_pct,false,false,true,rowgroup_plus_segment_zonemap,4,0.0732,0,0,0,4883
layout_selectivity,random_50_pct,false,false,true,rowgroup_plus_segment_zonemap,5,0.0736,0,0,0,4883
layout_selectivity,random_50_pct,false,false,true,rowgroup_plus_segment_zonemap,6,0.0735,0,0,0,4883
layout_selectivity,random_50_pct,false,false,true,rowgroup_plus_segment_zonemap,7,0.0735,0,0,0,4883
layout_selectivity,random_50_pct,false,false,true,rowgroup_plus_segment_zonemap,8,0.0734,0,0,0,4883
layout_selectivity,random_50_pct,false,false,true,rowgroup_plus_segment_zonemap,9,0.0738,0,0,0,4883
layout_selectivity,random_50_pct,false,false,true,rowgroup_plus_segment_zonemap,10,0.0730,0,0,0,4883
layout_selectivity,random_90_pct,false,false,true,rowgroup_plus_segment_zonemap,1,0.0412,0,0,0,4883
layout_selectivity,random_90_pct,false,false,true,rowgroup_plus_segment_zonemap,2,0.0411,0,0,0,4883
layout_selectivity,random_90_pct,false,false,true,rowgroup_plus_segment_zonemap,3,0.0406,0,0,0,4883
layout_selectivity,random_90_pct,false,false,true,rowgroup_plus_segment_zonemap,4,0.0401,0,0,0,4883
layout_selectivity,random_90_pct,false,false,true,rowgroup_plus_segment_zonemap,5,0.0403,0,0,0,4883
layout_selectivity,random_90_pct,false,false,true,rowgroup_plus_segment_zonemap,6,0.0427,0,0,0,4883
layout_selectivity,random_90_pct,false,false,true,rowgroup_plus_segment_zonemap,7,0.0403,0,0,0,4883
layout_selectivity,random_90_pct,false,false,true,rowgroup_plus_segment_zonemap,8,0.0408,0,0,0,4883
layout_selectivity,random_90_pct,false,false,true,rowgroup_plus_segment_zonemap,9,0.0405,0,0,0,4883
layout_selectivity,random_90_pct,false,false,true,rowgroup_plus_segment_zonemap,10,0.0407,0,0,0,4883
layout_selectivity,sorted_0_1_pct,false,false,true,rowgroup_plus_segment_zonemap,1,0.0005,81,0,0,60
layout_selectivity,sorted_0_1_pct,false,false,true,rowgroup_plus_segment_zonemap,2,0.0005,81,0,0,60
layout_selectivity,sorted_0_1_pct,false,false,true,rowgroup_plus_segment_zonemap,3,0.0005,81,0,0,60
layout_selectivity,sorted_0_1_pct,false,false,true,rowgroup_plus_segment_zonemap,4,0.0005,81,0,0,60
layout_selectivity,sorted_0_1_pct,false,false,true,rowgroup_plus_segment_zonemap,5,0.0005,81,0,0,60
layout_selectivity,sorted_0_1_pct,false,false,true,rowgroup_plus_segment_zonemap,6,0.0005,81,0,0,60
layout_selectivity,sorted_0_1_pct,false,false,true,rowgroup_plus_segment_zonemap,7,0.0005,81,0,0,60
layout_selectivity,sorted_0_1_pct,false,false,true,rowgroup_plus_segment_zonemap,8,0.0005,81,0,0,60
layout_selectivity,sorted_0_1_pct,false,false,true,rowgroup_plus_segment_zonemap,9,0.0005,81,0,0,60
layout_selectivity,sorted_0_1_pct,false,false,true,rowgroup_plus_segment_zonemap,10,0.0005,81,0,0,60
layout_selectivity,sorted_1_pct,false,false,true,rowgroup_plus_segment_zonemap,1,0.0005,81,0,0,60
layout_selectivity,sorted_1_pct,false,false,true,rowgroup_plus_segment_zonemap,2,0.0005,81,0,0,60
layout_selectivity,sorted_1_pct,false,false,true,rowgroup_plus_segment_zonemap,3,0.0005,81,0,0,60
layout_selectivity,sorted_1_pct,false,false,true,rowgroup_plus_segment_zonemap,4,0.0005,81,0,0,60
layout_selectivity,sorted_1_pct,false,false,true,rowgroup_plus_segment_zonemap,5,0.0004,81,0,0,60
layout_selectivity,sorted_1_pct,false,false,true,rowgroup_plus_segment_zonemap,6,0.0004,81,0,0,60
layout_selectivity,sorted_1_pct,false,false,true,rowgroup_plus_segment_zonemap,7,0.0004,81,0,0,60
layout_selectivity,sorted_1_pct,false,false,true,rowgroup_plus_segment_zonemap,8,0.0004,81,0,0,60
layout_selectivity,sorted_1_pct,false,false,true,rowgroup_plus_segment_zonemap,9,0.0004,81,0,0,60
layout_selectivity,sorted_1_pct,false,false,true,rowgroup_plus_segment_zonemap,10,0.0004,81,0,0,60
layout_selectivity,sorted_5_pct,false,false,true,rowgroup_plus_segment_zonemap,1,0.0021,77,0,0,300
layout_selectivity,sorted_5_pct,false,false,true,rowgroup_plus_segment_zonemap,2,0.0020,77,0,0,300
layout_selectivity,sorted_5_pct,false,false,true,rowgroup_plus_segment_zonemap,3,0.0020,77,0,0,300
layout_selectivity,sorted_5_pct,false,false,true,rowgroup_plus_segment_zonemap,4,0.0020,77,0,0,300
layout_selectivity,sorted_5_pct,false,false,true,rowgroup_plus_segment_zonemap,5,0.0020,77,0,0,300
layout_selectivity,sorted_5_pct,false,false,true,rowgroup_plus_segment_zonemap,6,0.0019,77,0,0,300
layout_selectivity,sorted_5_pct,false,false,true,rowgroup_plus_segment_zonemap,7,0.0019,77,0,0,300
layout_selectivity,sorted_5_pct,false,false,true,rowgroup_plus_segment_zonemap,8,0.0019,77,0,0,300
layout_selectivity,sorted_5_pct,false,false,true,rowgroup_plus_segment_zonemap,9,0.0019,77,0,0,300
layout_selectivity,sorted_5_pct,false,false,true,rowgroup_plus_segment_zonemap,10,0.0020,77,0,0,300
layout_selectivity,sorted_10_pct,false,false,true,rowgroup_plus_segment_zonemap,1,0.0036,73,0,0,540
layout_selectivity,sorted_10_pct,false,false,true,rowgroup_plus_segment_zonemap,2,0.0036,73,0,0,540
layout_selectivity,sorted_10_pct,false,false,true,rowgroup_plus_segment_zonemap,3,0.0036,73,0,0,540
layout_selectivity,sorted_10_pct,false,false,true,rowgroup_plus_segment_zonemap,4,0.0036,73,0,0,540
layout_selectivity,sorted_10_pct,false,false,true,rowgroup_plus_segment_zonemap,5,0.0036,73,0,0,540
layout_selectivity,sorted_10_pct,false,false,true,rowgroup_plus_segment_zonemap,6,0.0035,73,0,0,540
layout_selectivity,sorted_10_pct,false,false,true,rowgroup_plus_segment_zonemap,7,0.0035,73,0,0,540
layout_selectivity,sorted_10_pct,false,false,true,rowgroup_plus_segment_zonemap,8,0.0036,73,0,0,540
layout_selectivity,sorted_10_pct,false,false,true,rowgroup_plus_segment_zonemap,9,0.0036,73,0,0,540
layout_selectivity,sorted_10_pct,false,false,true,rowgroup_plus_segment_zonemap,10,0.0036,73,0,0,540
layout_selectivity,sorted_20_pct,false,false,true,rowgroup_plus_segment_zonemap,1,0.0069,65,0,0,1020
layout_selectivity,sorted_20_pct,false,false,true,rowgroup_plus_segment_zonemap,2,0.0066,65,0,0,1020
layout_selectivity,sorted_20_pct,false,false,true,rowgroup_plus_segment_zonemap,3,0.0066,65,0,0,1020
layout_selectivity,sorted_20_pct,false,false,true,rowgroup_plus_segment_zonemap,4,0.0066,65,0,0,1020
layout_selectivity,sorted_20_pct,false,false,true,rowgroup_plus_segment_zonemap,5,0.0065,65,0,0,1020
layout_selectivity,sorted_20_pct,false,false,true,rowgroup_plus_segment_zonemap,6,0.0064,65,0,0,1020
layout_selectivity,sorted_20_pct,false,false,true,rowgroup_plus_segment_zonemap,7,0.0065,65,0,0,1020
layout_selectivity,sorted_20_pct,false,false,true,rowgroup_plus_segment_zonemap,8,0.0066,65,0,0,1020
layout_selectivity,sorted_20_pct,false,false,true,rowgroup_plus_segment_zonemap,9,0.0067,65,0,0,1020
layout_selectivity,sorted_20_pct,false,false,true,rowgroup_plus_segment_zonemap,10,0.0069,65,0,0,1020
layout_selectivity,sorted_50_pct,false,false,true,rowgroup_plus_segment_zonemap,1,0.0159,41,0,0,2460
layout_selectivity,sorted_50_pct,false,false,true,rowgroup_plus_segment_zonemap,2,0.0158,41,0,0,2460
layout_selectivity,sorted_50_pct,false,false,true,rowgroup_plus_segment_zonemap,3,0.0155,41,0,0,2460
layout_selectivity,sorted_50_pct,false,false,true,rowgroup_plus_segment_zonemap,4,0.0156,41,0,0,2460
layout_selectivity,sorted_50_pct,false,false,true,rowgroup_plus_segment_zonemap,5,0.0159,41,0,0,2460
layout_selectivity,sorted_50_pct,false,false,true,rowgroup_plus_segment_zonemap,6,0.0157,41,0,0,2460
layout_selectivity,sorted_50_pct,false,false,true,rowgroup_plus_segment_zonemap,7,0.0156,41,0,0,2460
layout_selectivity,sorted_50_pct,false,false,true,rowgroup_plus_segment_zonemap,8,0.0155,41,0,0,2460
layout_selectivity,sorted_50_pct,false,false,true,rowgroup_plus_segment_zonemap,9,0.0156,41,0,0,2460
layout_selectivity,sorted_50_pct,false,false,true,rowgroup_plus_segment_zonemap,10,0.0157,41,0,0,2460
layout_selectivity,sorted_90_pct,false,false,true,rowgroup_plus_segment_zonemap,1,0.0285,8,0,0,4440
layout_selectivity,sorted_90_pct,false,false,true,rowgroup_plus_segment_zonemap,2,0.0285,8,0,0,4440
layout_selectivity,sorted_90_pct,false,false,true,rowgroup_plus_segment_zonemap,3,0.0282,8,0,0,4440
layout_selectivity,sorted_90_pct,false,false,true,rowgroup_plus_segment_zonemap,4,0.0282,8,0,0,4440
layout_selectivity,sorted_90_pct,false,false,true,rowgroup_plus_segment_zonemap,5,0.0284,8,0,0,4440
layout_selectivity,sorted_90_pct,false,false,true,rowgroup_plus_segment_zonemap,6,0.0278,8,0,0,4440
layout_selectivity,sorted_90_pct,false,false,true,rowgroup_plus_segment_zonemap,7,0.0277,8,0,0,4440
layout_selectivity,sorted_90_pct,false,false,true,rowgroup_plus_segment_zonemap,8,0.0283,8,0,0,4440
layout_selectivity,sorted_90_pct,false,false,true,rowgroup_plus_segment_zonemap,9,0.0285,8,0,0,4440
layout_selectivity,sorted_90_pct,false,false,true,rowgroup_plus_segment_zonemap,10,0.0279,8,0,0,4440
layout_selectivity,block_0_1_pct,false,false,true,rowgroup_plus_segment_zonemap,1,0.0005,81,0,0,60
layout_selectivity,block_0_1_pct,false,false,true,rowgroup_plus_segment_zonemap,2,0.0005,81,0,0,60
layout_selectivity,block_0_1_pct,false,false,true,rowgroup_plus_segment_zonemap,3,0.0005,81,0,0,60
layout_selectivity,block_0_1_pct,false,false,true,rowgroup_plus_segment_zonemap,4,0.0005,81,0,0,60
layout_selectivity,block_0_1_pct,false,false,true,rowgroup_plus_segment_zonemap,5,0.0005,81,0,0,60
layout_selectivity,block_0_1_pct,false,false,true,rowgroup_plus_segment_zonemap,6,0.0005,81,0,0,60
layout_selectivity,block_0_1_pct,false,false,true,rowgroup_plus_segment_zonemap,7,0.0005,81,0,0,60
layout_selectivity,block_0_1_pct,false,false,true,rowgroup_plus_segment_zonemap,8,0.0005,81,0,0,60
layout_selectivity,block_0_1_pct,false,false,true,rowgroup_plus_segment_zonemap,9,0.0005,81,0,0,60
layout_selectivity,block_0_1_pct,false,false,true,rowgroup_plus_segment_zonemap,10,0.0005,81,0,0,60
layout_selectivity,block_1_pct,false,false,true,rowgroup_plus_segment_zonemap,1,0.0005,81,0,0,60
layout_selectivity,block_1_pct,false,false,true,rowgroup_plus_segment_zonemap,2,0.0005,81,0,0,60
layout_selectivity,block_1_pct,false,false,true,rowgroup_plus_segment_zonemap,3,0.0004,81,0,0,60
layout_selectivity,block_1_pct,false,false,true,rowgroup_plus_segment_zonemap,4,0.0004,81,0,0,60
layout_selectivity,block_1_pct,false,false,true,rowgroup_plus_segment_zonemap,5,0.0004,81,0,0,60
layout_selectivity,block_1_pct,false,false,true,rowgroup_plus_segment_zonemap,6,0.0005,81,0,0,60
layout_selectivity,block_1_pct,false,false,true,rowgroup_plus_segment_zonemap,7,0.0004,81,0,0,60
layout_selectivity,block_1_pct,false,false,true,rowgroup_plus_segment_zonemap,8,0.0004,81,0,0,60
layout_selectivity,block_1_pct,false,false,true,rowgroup_plus_segment_zonemap,9,0.0004,81,0,0,60
layout_selectivity,block_1_pct,false,false,true,rowgroup_plus_segment_zonemap,10,0.0004,81,0,0,60
layout_selectivity,block_5_pct,false,false,true,rowgroup_plus_segment_zonemap,1,0.0021,77,0,0,300
layout_selectivity,block_5_pct,false,false,true,rowgroup_plus_segment_zonemap,2,0.0021,77,0,0,300
layout_selectivity,block_5_pct,false,false,true,rowgroup_plus_segment_zonemap,3,0.0021,77,0,0,300
layout_selectivity,block_5_pct,false,false,true,rowgroup_plus_segment_zonemap,4,0.0021,77,0,0,300
layout_selectivity,block_5_pct,false,false,true,rowgroup_plus_segment_zonemap,5,0.0020,77,0,0,300
layout_selectivity,block_5_pct,false,false,true,rowgroup_plus_segment_zonemap,6,0.0021,77,0,0,300
layout_selectivity,block_5_pct,false,false,true,rowgroup_plus_segment_zonemap,7,0.0020,77,0,0,300
layout_selectivity,block_5_pct,false,false,true,rowgroup_plus_segment_zonemap,8,0.0021,77,0,0,300
layout_selectivity,block_5_pct,false,false,true,rowgroup_plus_segment_zonemap,9,0.0021,77,0,0,300
layout_selectivity,block_5_pct,false,false,true,rowgroup_plus_segment_zonemap,10,0.0020,77,0,0,300
layout_selectivity,block_10_pct,false,false,true,rowgroup_plus_segment_zonemap,1,0.0038,73,0,0,540
layout_selectivity,block_10_pct,false,false,true,rowgroup_plus_segment_zonemap,2,0.0036,73,0,0,540
layout_selectivity,block_10_pct,false,false,true,rowgroup_plus_segment_zonemap,3,0.0036,73,0,0,540
layout_selectivity,block_10_pct,false,false,true,rowgroup_plus_segment_zonemap,4,0.0036,73,0,0,540
layout_selectivity,block_10_pct,false,false,true,rowgroup_plus_segment_zonemap,5,0.0036,73,0,0,540
layout_selectivity,block_10_pct,false,false,true,rowgroup_plus_segment_zonemap,6,0.0036,73,0,0,540
layout_selectivity,block_10_pct,false,false,true,rowgroup_plus_segment_zonemap,7,0.0036,73,0,0,540
layout_selectivity,block_10_pct,false,false,true,rowgroup_plus_segment_zonemap,8,0.0036,73,0,0,540
layout_selectivity,block_10_pct,false,false,true,rowgroup_plus_segment_zonemap,9,0.0036,73,0,0,540
layout_selectivity,block_10_pct,false,false,true,rowgroup_plus_segment_zonemap,10,0.0035,73,0,0,540
layout_selectivity,block_20_pct,false,false,true,rowgroup_plus_segment_zonemap,1,0.0069,65,0,0,1020
layout_selectivity,block_20_pct,false,false,true,rowgroup_plus_segment_zonemap,2,0.0068,65,0,0,1020
layout_selectivity,block_20_pct,false,false,true,rowgroup_plus_segment_zonemap,3,0.0067,65,0,0,1020
layout_selectivity,block_20_pct,false,false,true,rowgroup_plus_segment_zonemap,4,0.0067,65,0,0,1020
layout_selectivity,block_20_pct,false,false,true,rowgroup_plus_segment_zonemap,5,0.0067,65,0,0,1020
layout_selectivity,block_20_pct,false,false,true,rowgroup_plus_segment_zonemap,6,0.0067,65,0,0,1020
layout_selectivity,block_20_pct,false,false,true,rowgroup_plus_segment_zonemap,7,0.0068,65,0,0,1020
layout_selectivity,block_20_pct,false,false,true,rowgroup_plus_segment_zonemap,8,0.0068,65,0,0,1020
layout_selectivity,block_20_pct,false,false,true,rowgroup_plus_segment_zonemap,9,0.0067,65,0,0,1020
layout_selectivity,block_20_pct,false,false,true,rowgroup_plus_segment_zonemap,10,0.0067,65,0,0,1020
layout_selectivity,block_50_pct,false,false,true,rowgroup_plus_segment_zonemap,1,0.0156,41,0,0,2460
layout_selectivity,block_50_pct,false,false,true,rowgroup_plus_segment_zonemap,2,0.0155,41,0,0,2460
layout_selectivity,block_50_pct,false,false,true,rowgroup_plus_segment_zonemap,3,0.0153,41,0,0,2460
layout_selectivity,block_50_pct,false,false,true,rowgroup_plus_segment_zonemap,4,0.0150,41,0,0,2460
layout_selectivity,block_50_pct,false,false,true,rowgroup_plus_segment_zonemap,5,0.0150,41,0,0,2460
layout_selectivity,block_50_pct,false,false,true,rowgroup_plus_segment_zonemap,6,0.0150,41,0,0,2460
layout_selectivity,block_50_pct,false,false,true,rowgroup_plus_segment_zonemap,7,0.0151,41,0,0,2460
layout_selectivity,block_50_pct,false,false,true,rowgroup_plus_segment_zonemap,8,0.0155,41,0,0,2460
layout_selectivity,block_50_pct,false,false,true,rowgroup_plus_segment_zonemap,9,0.0156,41,0,0,2460
layout_selectivity,block_50_pct,false,false,true,rowgroup_plus_segment_zonemap,10,0.0149,41,0,0,2460
layout_selectivity,block_90_pct,false,false,true,rowgroup_plus_segment_zonemap,1,0.0286,8,0,0,4440
layout_selectivity,block_90_pct,false,false,true,rowgroup_plus_segment_zonemap,2,0.0282,8,0,0,4440
layout_selectivity,block_90_pct,false,false,true,rowgroup_plus_segment_zonemap,3,0.0287,8,0,0,4440
layout_selectivity,block_90_pct,false,false,true,rowgroup_plus_segment_zonemap,4,0.0290,8,0,0,4440
layout_selectivity,block_90_pct,false,false,true,rowgroup_plus_segment_zonemap,5,0.0281,8,0,0,4440
layout_selectivity,block_90_pct,false,false,true,rowgroup_plus_segment_zonemap,6,0.0280,8,0,0,4440
layout_selectivity,block_90_pct,false,false,true,rowgroup_plus_segment_zonemap,7,0.0281,8,0,0,4440
layout_selectivity,block_90_pct,false,false,true,rowgroup_plus_segment_zonemap,8,0.0282,8,0,0,4440
layout_selectivity,block_90_pct,false,false,true,rowgroup_plus_segment_zonemap,9,0.0284,8,0,0,4440
layout_selectivity,block_90_pct,false,false,true,rowgroup_plus_segment_zonemap,10,0.0278,8,0,0,4440
layout_selectivity,random_0_1_pct,false,true,false,rowgroup_plus_sketch,1,0.0712,0,0,0,4883
layout_selectivity,random_0_1_pct,false,true,false,rowgroup_plus_sketch,2,0.0590,0,0,0,4883
layout_selectivity,random_0_1_pct,false,true,false,rowgroup_plus_sketch,3,0.0591,0,0,0,4883
layout_selectivity,random_0_1_pct,false,true,false,rowgroup_plus_sketch,4,0.0592,0,0,0,4883
layout_selectivity,random_0_1_pct,false,true,false,rowgroup_plus_sketch,5,0.0594,0,0,0,4883
layout_selectivity,random_0_1_pct,false,true,false,rowgroup_plus_sketch,6,0.0589,0,0,0,4883
layout_selectivity,random_0_1_pct,false,true,false,rowgroup_plus_sketch,7,0.0585,0,0,0,4883
layout_selectivity,random_0_1_pct,false,true,false,rowgroup_plus_sketch,8,0.0582,0,0,0,4883
layout_selectivity,random_0_1_pct,false,true,false,rowgroup_plus_sketch,9,0.0584,0,0,0,4883
layout_selectivity,random_0_1_pct,false,true,false,rowgroup_plus_sketch,10,0.0580,0,0,0,4883
layout_selectivity,random_1_pct,false,true,false,rowgroup_plus_sketch,1,0.0680,0,0,0,4883
layout_selectivity,random_1_pct,false,true,false,rowgroup_plus_sketch,2,0.0571,0,0,0,4883
layout_selectivity,random_1_pct,false,true,false,rowgroup_plus_sketch,3,0.0572,0,0,0,4883
layout_selectivity,random_1_pct,false,true,false,rowgroup_plus_sketch,4,0.0571,0,0,0,4883
layout_selectivity,random_1_pct,false,true,false,rowgroup_plus_sketch,5,0.0577,0,0,0,4883
layout_selectivity,random_1_pct,false,true,false,rowgroup_plus_sketch,6,0.0575,0,0,0,4883
layout_selectivity,random_1_pct,false,true,false,rowgroup_plus_sketch,7,0.0574,0,0,0,4883
layout_selectivity,random_1_pct,false,true,false,rowgroup_plus_sketch,8,0.0581,0,0,0,4883
layout_selectivity,random_1_pct,false,true,false,rowgroup_plus_sketch,9,0.0607,0,0,0,4883
layout_selectivity,random_1_pct,false,true,false,rowgroup_plus_sketch,10,0.0608,0,0,0,4883
layout_selectivity,random_5_pct,false,true,false,rowgroup_plus_sketch,1,0.0826,0,0,0,4883
layout_selectivity,random_5_pct,false,true,false,rowgroup_plus_sketch,2,0.0603,0,0,0,4883
layout_selectivity,random_5_pct,false,true,false,rowgroup_plus_sketch,3,0.0610,0,0,0,4883
layout_selectivity,random_5_pct,false,true,false,rowgroup_plus_sketch,4,0.0608,0,0,0,4883
layout_selectivity,random_5_pct,false,true,false,rowgroup_plus_sketch,5,0.0618,0,0,0,4883
layout_selectivity,random_5_pct,false,true,false,rowgroup_plus_sketch,6,0.0616,0,0,0,4883
layout_selectivity,random_5_pct,false,true,false,rowgroup_plus_sketch,7,0.0631,0,0,0,4883
layout_selectivity,random_5_pct,false,true,false,rowgroup_plus_sketch,8,0.0643,0,0,0,4883
layout_selectivity,random_5_pct,false,true,false,rowgroup_plus_sketch,9,0.0631,0,0,0,4883
layout_selectivity,random_5_pct,false,true,false,rowgroup_plus_sketch,10,0.0610,0,0,0,4883
layout_selectivity,random_10_pct,false,true,false,rowgroup_plus_sketch,1,0.0860,0,0,0,4883
layout_selectivity,random_10_pct,false,true,false,rowgroup_plus_sketch,2,0.0672,0,0,0,4883
layout_selectivity,random_10_pct,false,true,false,rowgroup_plus_sketch,3,0.0665,0,0,0,4883
layout_selectivity,random_10_pct,false,true,false,rowgroup_plus_sketch,4,0.0648,0,0,0,4883
layout_selectivity,random_10_pct,false,true,false,rowgroup_plus_sketch,5,0.0645,0,0,0,4883
layout_selectivity,random_10_pct,false,true,false,rowgroup_plus_sketch,6,0.0645,0,0,0,4883
layout_selectivity,random_10_pct,false,true,false,rowgroup_plus_sketch,7,0.0651,0,0,0,4883
layout_selectivity,random_10_pct,false,true,false,rowgroup_plus_sketch,8,0.0656,0,0,0,4883
layout_selectivity,random_10_pct,false,true,false,rowgroup_plus_sketch,9,0.0649,0,0,0,4883
layout_selectivity,random_10_pct,false,true,false,rowgroup_plus_sketch,10,0.0658,0,0,0,4883
layout_selectivity,random_20_pct,false,true,false,rowgroup_plus_sketch,1,0.0870,0,0,0,4883
layout_selectivity,random_20_pct,false,true,false,rowgroup_plus_sketch,2,0.0751,0,0,0,4883
layout_selectivity,random_20_pct,false,true,false,rowgroup_plus_sketch,3,0.0756,0,0,0,4883
layout_selectivity,random_20_pct,false,true,false,rowgroup_plus_sketch,4,0.0761,0,0,0,4883
layout_selectivity,random_20_pct,false,true,false,rowgroup_plus_sketch,5,0.0760,0,0,0,4883
layout_selectivity,random_20_pct,false,true,false,rowgroup_plus_sketch,6,0.0757,0,0,0,4883
layout_selectivity,random_20_pct,false,true,false,rowgroup_plus_sketch,7,0.0751,0,0,0,4883
layout_selectivity,random_20_pct,false,true,false,rowgroup_plus_sketch,8,0.0769,0,0,0,4883
layout_selectivity,random_20_pct,false,true,false,rowgroup_plus_sketch,9,0.0746,0,0,0,4883
layout_selectivity,random_20_pct,false,true,false,rowgroup_plus_sketch,10,0.0738,0,0,0,4883
layout_selectivity,random_50_pct,false,true,false,rowgroup_plus_sketch,1,0.104,0,0,0,4883
layout_selectivity,random_50_pct,false,true,false,rowgroup_plus_sketch,2,0.0886,0,0,0,4883
layout_selectivity,random_50_pct,false,true,false,rowgroup_plus_sketch,3,0.0867,0,0,0,4883
layout_selectivity,random_50_pct,false,true,false,rowgroup_plus_sketch,4,0.0861,0,0,0,4883
layout_selectivity,random_50_pct,false,true,false,rowgroup_plus_sketch,5,0.0853,0,0,0,4883
layout_selectivity,random_50_pct,false,true,false,rowgroup_plus_sketch,6,0.0855,0,0,0,4883
layout_selectivity,random_50_pct,false,true,false,rowgroup_plus_sketch,7,0.0861,0,0,0,4883
layout_selectivity,random_50_pct,false,true,false,rowgroup_plus_sketch,8,0.0866,0,0,0,4883
layout_selectivity,random_50_pct,false,true,false,rowgroup_plus_sketch,9,0.0866,0,0,0,4883
layout_selectivity,random_50_pct,false,true,false,rowgroup_plus_sketch,10,0.0868,0,0,0,4883
layout_selectivity,random_90_pct,false,true,false,rowgroup_plus_sketch,1,0.0016,0,0,4883,1
layout_selectivity,random_90_pct,false,true,false,rowgroup_plus_sketch,2,0.0014,0,0,4883,1
layout_selectivity,random_90_pct,false,true,false,rowgroup_plus_sketch,3,0.0008,0,0,4883,1
layout_selectivity,random_90_pct,false,true,false,rowgroup_plus_sketch,4,0.0008,0,0,4883,1
layout_selectivity,random_90_pct,false,true,false,rowgroup_plus_sketch,5,0.0008,0,0,4883,1
layout_selectivity,random_90_pct,false,true,false,rowgroup_plus_sketch,6,0.0008,0,0,4883,1
layout_selectivity,random_90_pct,false,true,false,rowgroup_plus_sketch,7,0.0008,0,0,4883,1
layout_selectivity,random_90_pct,false,true,false,rowgroup_plus_sketch,8,0.0008,0,0,4883,1
layout_selectivity,random_90_pct,false,true,false,rowgroup_plus_sketch,9,0.0008,0,0,4883,1
layout_selectivity,random_90_pct,false,true,false,rowgroup_plus_sketch,10,0.0008,0,0,4883,1
layout_selectivity,sorted_0_1_pct,false,true,false,rowgroup_plus_sketch,1,0.0004,81,0,54,6
layout_selectivity,sorted_0_1_pct,false,true,false,rowgroup_plus_sketch,2,0.0002,81,0,54,6
layout_selectivity,sorted_0_1_pct,false,true,false,rowgroup_plus_sketch,3,0.0002,81,0,54,6
layout_selectivity,sorted_0_1_pct,false,true,false,rowgroup_plus_sketch,4,0.0001,81,0,54,6
layout_selectivity,sorted_0_1_pct,false,true,false,rowgroup_plus_sketch,5,0.0001,81,0,54,6
layout_selectivity,sorted_0_1_pct,false,true,false,rowgroup_plus_sketch,6,0.0001,81,0,54,6
layout_selectivity,sorted_0_1_pct,false,true,false,rowgroup_plus_sketch,7,0.0001,81,0,54,6
layout_selectivity,sorted_0_1_pct,false,true,false,rowgroup_plus_sketch,8,0.0001,81,0,54,6
layout_selectivity,sorted_0_1_pct,false,true,false,rowgroup_plus_sketch,9,0.0001,81,0,54,6
layout_selectivity,sorted_0_1_pct,false,true,false,rowgroup_plus_sketch,10,0.0001,81,0,54,6
layout_selectivity,sorted_1_pct,false,true,false,rowgroup_plus_sketch,1,0.0006,81,0,10,50
layout_selectivity,sorted_1_pct,false,true,false,rowgroup_plus_sketch,2,0.0004,81,0,10,50
layout_selectivity,sorted_1_pct,false,true,false,rowgroup_plus_sketch,3,0.0004,81,0,10,50
layout_selectivity,sorted_1_pct,false,true,false,rowgroup_plus_sketch,4,0.0004,81,0,10,50
layout_selectivity,sorted_1_pct,false,true,false,rowgroup_plus_sketch,5,0.0004,81,0,10,50
layout_selectivity,sorted_1_pct,false,true,false,rowgroup_plus_sketch,6,0.0004,81,0,10,50
layout_selectivity,sorted_1_pct,false,true,false,rowgroup_plus_sketch,7,0.0004,81,0,10,50
layout_selectivity,sorted_1_pct,false,true,false,rowgroup_plus_sketch,8,0.0004,81,0,10,50
layout_selectivity,sorted_1_pct,false,true,false,rowgroup_plus_sketch,9,0.0004,81,0,10,50
layout_selectivity,sorted_1_pct,false,true,false,rowgroup_plus_sketch,10,0.0004,81,0,10,50
layout_selectivity,sorted_5_pct,false,true,false,rowgroup_plus_sketch,1,0.0027,77,0,55,245
layout_selectivity,sorted_5_pct,false,true,false,rowgroup_plus_sketch,2,0.0017,77,0,55,245
layout_selectivity,sorted_5_pct,false,true,false,rowgroup_plus_sketch,3,0.0015,77,0,55,245
layout_selectivity,sorted_5_pct,false,true,false,rowgroup_plus_sketch,4,0.0015,77,0,55,245
layout_selectivity,sorted_5_pct,false,true,false,rowgroup_plus_sketch,5,0.0015,77,0,55,245
layout_selectivity,sorted_5_pct,false,true,false,rowgroup_plus_sketch,6,0.0015,77,0,55,245
layout_selectivity,sorted_5_pct,false,true,false,rowgroup_plus_sketch,7,0.0015,77,0,55,245
layout_selectivity,sorted_5_pct,false,true,false,rowgroup_plus_sketch,8,0.0015,77,0,55,245
layout_selectivity,sorted_5_pct,false,true,false,rowgroup_plus_sketch,9,0.0016,77,0,55,245
layout_selectivity,sorted_5_pct,false,true,false,rowgroup_plus_sketch,10,0.0015,77,0,55,245
layout_selectivity,sorted_10_pct,false,true,false,rowgroup_plus_sketch,1,0.0050,73,0,51,489
layout_selectivity,sorted_10_pct,false,true,false,rowgroup_plus_sketch,2,0.0032,73,0,51,489
layout_selectivity,sorted_10_pct,false,true,false,rowgroup_plus_sketch,3,0.0030,73,0,51,489
layout_selectivity,sorted_10_pct,false,true,false,rowgroup_plus_sketch,4,0.0029,73,0,51,489
layout_selectivity,sorted_10_pct,false,true,false,rowgroup_plus_sketch,5,0.0029,73,0,51,489
layout_selectivity,sorted_10_pct,false,true,false,rowgroup_plus_sketch,6,0.0028,73,0,51,489
layout_selectivity,sorted_10_pct,false,true,false,rowgroup_plus_sketch,7,0.0028,73,0,51,489
layout_selectivity,sorted_10_pct,false,true,false,rowgroup_plus_sketch,8,0.0029,73,0,51,489
layout_selectivity,sorted_10_pct,false,true,false,rowgroup_plus_sketch,9,0.0029,73,0,51,489
layout_selectivity,sorted_10_pct,false,true,false,rowgroup_plus_sketch,10,0.0028,73,0,51,489
layout_selectivity,sorted_20_pct,false,true,false,rowgroup_plus_sketch,1,0.0094,65,0,43,977
layout_selectivity,sorted_20_pct,false,true,false,rowgroup_plus_sketch,2,0.0068,65,0,43,977
layout_selectivity,sorted_20_pct,false,true,false,rowgroup_plus_sketch,3,0.0067,65,0,43,977
layout_selectivity,sorted_20_pct,false,true,false,rowgroup_plus_sketch,4,0.0067,65,0,43,977
layout_selectivity,sorted_20_pct,false,true,false,rowgroup_plus_sketch,5,0.0073,65,0,43,977
layout_selectivity,sorted_20_pct,false,true,false,rowgroup_plus_sketch,6,0.0070,65,0,43,977
layout_selectivity,sorted_20_pct,false,true,false,rowgroup_plus_sketch,7,0.0065,65,0,43,977
layout_selectivity,sorted_20_pct,false,true,false,rowgroup_plus_sketch,8,0.0062,65,0,43,977
layout_selectivity,sorted_20_pct,false,true,false,rowgroup_plus_sketch,9,0.0060,65,0,43,977
layout_selectivity,sorted_20_pct,false,true,false,rowgroup_plus_sketch,10,0.0060,65,0,43,977
layout_selectivity,sorted_50_pct,false,true,false,rowgroup_plus_sketch,1,0.0230,41,0,18,2442
layout_selectivity,sorted_50_pct,false,true,false,rowgroup_plus_sketch,2,0.0170,41,0,18,2442
layout_selectivity,sorted_50_pct,false,true,false,rowgroup_plus_sketch,3,0.0171,41,0,18,2442
layout_selectivity,sorted_50_pct,false,true,false,rowgroup_plus_sketch,4,0.0168,41,0,18,2442
layout_selectivity,sorted_50_pct,false,true,false,rowgroup_plus_sketch,5,0.0166,41,0,18,2442
layout_selectivity,sorted_50_pct,false,true,false,rowgroup_plus_sketch,6,0.0165,41,0,18,2442
layout_selectivity,sorted_50_pct,false,true,false,rowgroup_plus_sketch,7,0.0164,41,0,18,2442
layout_selectivity,sorted_50_pct,false,true,false,rowgroup_plus_sketch,8,0.0165,41,0,18,2442
layout_selectivity,sorted_50_pct,false,true,false,rowgroup_plus_sketch,9,0.0164,41,0,18,2442
layout_selectivity,sorted_50_pct,false,true,false,rowgroup_plus_sketch,10,0.0165,41,0,18,2442
layout_selectivity,sorted_90_pct,false,true,false,rowgroup_plus_sketch,1,0.0015,8,0,4440,0
layout_selectivity,sorted_90_pct,false,true,false,rowgroup_plus_sketch,2,0.0014,8,0,4440,0
layout_selectivity,sorted_90_pct,false,true,false,rowgroup_plus_sketch,3,0.0008,8,0,4440,0
layout_selectivity,sorted_90_pct,false,true,false,rowgroup_plus_sketch,4,0.0008,8,0,4440,0
layout_selectivity,sorted_90_pct,false,true,false,rowgroup_plus_sketch,5,0.0007,8,0,4440,0
layout_selectivity,sorted_90_pct,false,true,false,rowgroup_plus_sketch,6,0.0007,8,0,4440,0
layout_selectivity,sorted_90_pct,false,true,false,rowgroup_plus_sketch,7,0.0007,8,0,4440,0
layout_selectivity,sorted_90_pct,false,true,false,rowgroup_plus_sketch,8,0.0007,8,0,4440,0
layout_selectivity,sorted_90_pct,false,true,false,rowgroup_plus_sketch,9,0.0008,8,0,4440,0
layout_selectivity,sorted_90_pct,false,true,false,rowgroup_plus_sketch,10,0.0007,8,0,4440,0
layout_selectivity,block_0_1_pct,false,true,false,rowgroup_plus_sketch,1,0.0004,81,0,54,6
layout_selectivity,block_0_1_pct,false,true,false,rowgroup_plus_sketch,2,0.0002,81,0,54,6
layout_selectivity,block_0_1_pct,false,true,false,rowgroup_plus_sketch,3,0.0002,81,0,54,6
layout_selectivity,block_0_1_pct,false,true,false,rowgroup_plus_sketch,4,0.0002,81,0,54,6
layout_selectivity,block_0_1_pct,false,true,false,rowgroup_plus_sketch,5,0.0002,81,0,54,6
layout_selectivity,block_0_1_pct,false,true,false,rowgroup_plus_sketch,6,0.0002,81,0,54,6
layout_selectivity,block_0_1_pct,false,true,false,rowgroup_plus_sketch,7,0.0002,81,0,54,6
layout_selectivity,block_0_1_pct,false,true,false,rowgroup_plus_sketch,8,0.0001,81,0,54,6
layout_selectivity,block_0_1_pct,false,true,false,rowgroup_plus_sketch,9,0.0001,81,0,54,6
layout_selectivity,block_0_1_pct,false,true,false,rowgroup_plus_sketch,10,0.0002,81,0,54,6
layout_selectivity,block_1_pct,false,true,false,rowgroup_plus_sketch,1,0.0006,81,0,10,50
layout_selectivity,block_1_pct,false,true,false,rowgroup_plus_sketch,2,0.0004,81,0,10,50
layout_selectivity,block_1_pct,false,true,false,rowgroup_plus_sketch,3,0.0004,81,0,10,50
layout_selectivity,block_1_pct,false,true,false,rowgroup_plus_sketch,4,0.0004,81,0,10,50
layout_selectivity,block_1_pct,false,true,false,rowgroup_plus_sketch,5,0.0004,81,0,10,50
layout_selectivity,block_1_pct,false,true,false,rowgroup_plus_sketch,6,0.0004,81,0,10,50
layout_selectivity,block_1_pct,false,true,false,rowgroup_plus_sketch,7,0.0004,81,0,10,50
layout_selectivity,block_1_pct,false,true,false,rowgroup_plus_sketch,8,0.0004,81,0,10,50
layout_selectivity,block_1_pct,false,true,false,rowgroup_plus_sketch,9,0.0004,81,0,10,50
layout_selectivity,block_1_pct,false,true,false,rowgroup_plus_sketch,10,0.0004,81,0,10,50
layout_selectivity,block_5_pct,false,true,false,rowgroup_plus_sketch,1,0.0027,77,0,55,245
layout_selectivity,block_5_pct,false,true,false,rowgroup_plus_sketch,2,0.0016,77,0,55,245
layout_selectivity,block_5_pct,false,true,false,rowgroup_plus_sketch,3,0.0015,77,0,55,245
layout_selectivity,block_5_pct,false,true,false,rowgroup_plus_sketch,4,0.0015,77,0,55,245
layout_selectivity,block_5_pct,false,true,false,rowgroup_plus_sketch,5,0.0015,77,0,55,245
layout_selectivity,block_5_pct,false,true,false,rowgroup_plus_sketch,6,0.0015,77,0,55,245
layout_selectivity,block_5_pct,false,true,false,rowgroup_plus_sketch,7,0.0015,77,0,55,245
layout_selectivity,block_5_pct,false,true,false,rowgroup_plus_sketch,8,0.0015,77,0,55,245
layout_selectivity,block_5_pct,false,true,false,rowgroup_plus_sketch,9,0.0015,77,0,55,245
layout_selectivity,block_5_pct,false,true,false,rowgroup_plus_sketch,10,0.0015,77,0,55,245
layout_selectivity,block_10_pct,false,true,false,rowgroup_plus_sketch,1,0.0048,73,0,51,489
layout_selectivity,block_10_pct,false,true,false,rowgroup_plus_sketch,2,0.0031,73,0,51,489
layout_selectivity,block_10_pct,false,true,false,rowgroup_plus_sketch,3,0.0029,73,0,51,489
layout_selectivity,block_10_pct,false,true,false,rowgroup_plus_sketch,4,0.0028,73,0,51,489
layout_selectivity,block_10_pct,false,true,false,rowgroup_plus_sketch,5,0.0028,73,0,51,489
layout_selectivity,block_10_pct,false,true,false,rowgroup_plus_sketch,6,0.0027,73,0,51,489
layout_selectivity,block_10_pct,false,true,false,rowgroup_plus_sketch,7,0.0028,73,0,51,489
layout_selectivity,block_10_pct,false,true,false,rowgroup_plus_sketch,8,0.0027,73,0,51,489
layout_selectivity,block_10_pct,false,true,false,rowgroup_plus_sketch,9,0.0028,73,0,51,489
layout_selectivity,block_10_pct,false,true,false,rowgroup_plus_sketch,10,0.0028,73,0,51,489
layout_selectivity,block_20_pct,false,true,false,rowgroup_plus_sketch,1,0.0098,65,0,43,977
layout_selectivity,block_20_pct,false,true,false,rowgroup_plus_sketch,2,0.0068,65,0,43,977
layout_selectivity,block_20_pct,false,true,false,rowgroup_plus_sketch,3,0.0065,65,0,43,977
layout_selectivity,block_20_pct,false,true,false,rowgroup_plus_sketch,4,0.0064,65,0,43,977
layout_selectivity,block_20_pct,false,true,false,rowgroup_plus_sketch,5,0.0065,65,0,43,977
layout_selectivity,block_20_pct,false,true,false,rowgroup_plus_sketch,6,0.0065,65,0,43,977
layout_selectivity,block_20_pct,false,true,false,rowgroup_plus_sketch,7,0.0067,65,0,43,977
layout_selectivity,block_20_pct,false,true,false,rowgroup_plus_sketch,8,0.0071,65,0,43,977
layout_selectivity,block_20_pct,false,true,false,rowgroup_plus_sketch,9,0.0066,65,0,43,977
layout_selectivity,block_20_pct,false,true,false,rowgroup_plus_sketch,10,0.0062,65,0,43,977
layout_selectivity,block_50_pct,false,true,false,rowgroup_plus_sketch,1,0.0256,41,0,18,2442
layout_selectivity,block_50_pct,false,true,false,rowgroup_plus_sketch,2,0.0178,41,0,18,2442
layout_selectivity,block_50_pct,false,true,false,rowgroup_plus_sketch,3,0.0180,41,0,18,2442
layout_selectivity,block_50_pct,false,true,false,rowgroup_plus_sketch,4,0.0180,41,0,18,2442
layout_selectivity,block_50_pct,false,true,false,rowgroup_plus_sketch,5,0.0179,41,0,18,2442
layout_selectivity,block_50_pct,false,true,false,rowgroup_plus_sketch,6,0.0177,41,0,18,2442
layout_selectivity,block_50_pct,false,true,false,rowgroup_plus_sketch,7,0.0173,41,0,18,2442
layout_selectivity,block_50_pct,false,true,false,rowgroup_plus_sketch,8,0.0174,41,0,18,2442
layout_selectivity,block_50_pct,false,true,false,rowgroup_plus_sketch,9,0.0172,41,0,18,2442
layout_selectivity,block_50_pct,false,true,false,rowgroup_plus_sketch,10,0.0173,41,0,18,2442
layout_selectivity,block_90_pct,false,true,false,rowgroup_plus_sketch,1,0.0014,8,0,4440,0
layout_selectivity,block_90_pct,false,true,false,rowgroup_plus_sketch,2,0.0013,8,0,4440,0
layout_selectivity,block_90_pct,false,true,false,rowgroup_plus_sketch,3,0.0007,8,0,4440,0
layout_selectivity,block_90_pct,false,true,false,rowgroup_plus_sketch,4,0.0007,8,0,4440,0
layout_selectivity,block_90_pct,false,true,false,rowgroup_plus_sketch,5,0.0007,8,0,4440,0
layout_selectivity,block_90_pct,false,true,false,rowgroup_plus_sketch,6,0.0007,8,0,4440,0
layout_selectivity,block_90_pct,false,true,false,rowgroup_plus_sketch,7,0.0007,8,0,4440,0
layout_selectivity,block_90_pct,false,true,false,rowgroup_plus_sketch,8,0.0007,8,0,4440,0
layout_selectivity,block_90_pct,false,true,false,rowgroup_plus_sketch,9,0.0007,8,0,4440,0
layout_selectivity,block_90_pct,false,true,false,rowgroup_plus_sketch,10,0.0007,8,0,4440,0
